,blank_count,acid_count
TDH3,184862,102413
ADH2,75482,7549
ALD4,53430,6481
SED1,91459,47029
PGK1,66976,35789
TIP1,33647,2873
FBA1,65900,41170
ENO2,33511,11280
GRE1,36769,16676
HXK1,31692,12185
HSP12,48450,29677
DDR2,50822,32385
MET17,47299,30575
ENO1,36085,20871
GPM1,35956,21070
NCE102,37465,24024
CCW12,51135,37995
ADY2,13204,940
HOR7,27451,15237
ATO3,13174,1095
ACS1,16559,6051
GLK1,25509,15838
HSP150,45224,35719
HYP2,26105,16621
ADH1,27856,18443
TPI1,24014,15159
TMA10,20265,11580
PIR3,16638,8058
ACT1,26384,18401
BGL2,30016,22167
HPF1,25606,17911
CTS1,18025,10780
CDC19,22871,15842
OPI3,14158,7481
HXT2,6390,301
CTT1,10908,4931
CCW14,14334,8644
SSA3,9320,3639
PRC1,16959,11576
ASC1,20666,15362
ACC1,18026,12791
RGI2,5477,417
CPR1,33227,28461
LSP1,10811,6084
GND1,6377,1678
NA,4972,324
FAS1,11091,6503
TDH2,11394,7028
RPS12,16999,12648
RPS31,17261,13006
MSC1,16712,12547
SUC2,5133,983
AHP1,15137,11089
RTN2,7922,3977
HXT7,4054,123
RPL2B,15847,11991
TAL1,12109,8299
SPG4,8295,4565
EXG1,14065,10461
PDC6,4311,766
NPC2,7319,3776
RNR2,5494,1970
TKL2,10985,7469
YOP1,9176,5803
SSB2,14032,10666
RPL16B,11320,7959
CWP2,25269,21998
NA,3734,498
ALD3,5349,2155
RPL10,17845,14746
PIR1,11565,8487
HTA1,13027,9956
TMA19,13163,10121
ATO2,4390,1369
NA,18538,15568
RPP0,16630,13669
APE3,8420,5463
PGI1,9710,6810
RPL30,13898,11093
RPL4A,9972,7176
MMP1,5784,3043
ITR1,6151,3451
RPS2,15420,12743
NA,4640,1964
RPS0B,10254,7594
RPP2B,9781,7193
RPS13,11863,9338
RPL38,11082,8565
PNS1,5416,2946
GTT1,5754,3286
HTB2,7787,5359
PDI1,9367,7018
RPS27B,7745,5400
GND2,5450,3112
RPL18A,13939,11610
GDH1,26116,23801
TEF2,16066,13785
SAM2,6821,4553
RPL8B,8890,6654
PLB2,2884,660
MPC3,5760,3581
SHH4,3278,1106
SUL1,8312,6147
RTN1,9665,7517
URA2,5889,3746
FMP16,5538,3399
FMP52,5076,2941
BDH1,4522,2395
PST2,6082,3958
NA,16284,14160
UGP1,4890,2766
PIL1,7694,5620
ERV29,4991,2939
RPP2A,7497,5467
EFT2,7164,5143
COF1,7955,5944
FAA1,4062,2058
RPP1B,9057,7056
RPS9B,8497,6512
SPI1,2664,681
YET3,5772,3823
RPL25,11562,9629
CHO1,5051,3137
GSF2,3880,1985
RPL14A,7953,6097
SHH3,2684,832
POR1,30534,28684
ADO1,6501,4665
SSU1,2963,1141
PEX11,3821,2002
RPS20,11087,9280
RPL4B,7130,5324
RPL26B,7051,5247
YCP4,3484,1685
RPS25A,11862,10076
PLN1,10034,8257
ERG11,11690,9918
ERG5,8429,6697
SAH1,6732,5008
FAT3,1980,256
AAC1,3018,1308
HHF1,7561,5858
PMA2,5070,3371
RPL28,12298,10604
BMH1,9963,8286
HSP26,33134,31472
NQM1,5309,3648
PNC1,7683,6029
RPP1A,10959,9317
CYB2,4457,2822
RPL41A,7645,6011
GPP1,3762,2137
HNT1,4617,2993
HTA2,5047,3425
FPR1,7991,6391
ERG1,6027,4432
GCY1,4085,2494
GPH1,3348,1758
DPM1,4031,2457
GLO1,3853,2281
AYR1,3422,1856
YPF1,3725,2159
HOM6,7542,5986
NA,7098,5549
SSB1,8767,7240
RPS22A,5575,4050
RPL1B,8571,7054
MFA1,2867,1374
XBP1,2685,1193
IPP1,10669,9183
LSC1,5912,4430
BAP2,3236,1763
SOL3,2210,739
RPS21A,5135,3701
ATG33,3897,2476
RPS29B,5503,4095
TDH1,7091,5683
RPS0A,8681,7277
SAR1,4501,3109
RPS5,15678,14290
GPD2,2534,1149
CTA1,2089,715
RPL2A,7531,6164
TSA1,18336,16973
HHT1,9806,8444
PDA1,7655,6321
SPG5,3440,2107
POM33,3583,2252
NA,4393,3065
PMP3,12616,11290
ARA1,4490,3166
TRX1,3808,2489
MFA2,2534,1226
NTF2,3809,2526
RPL21A,7149,5872
UBC5,3646,2370
RDL1,6974,5700
YIP3,3537,2270
RPS7A,8581,7316
TFS1,3388,2125
RPL1A,5021,3766
RPS3,10464,9213
FAS2,6417,5176
CYS3,4717,3479
RPL43B,5743,4512
CIT3,1921,699
NDE2,2546,1327
RPS16A,7938,6752
APT1,3053,1871
RPS30A,6411,5230
COX26,1873,698
HYR1,3882,2707
GUT1,4049,2877
MTC7,2756,1588
RNR4,4651,3498
ZWF1,4953,3800
NNR1,2338,1187
AQY3,1398,251
NA,2224,1077
RPL5,11198,10055
ERG10,5454,4313
DPI8,8808,7669
RPL31B,4633,3501
ETR1,3162,2042
SDS24,2968,1865
RPL9A,3471,2369
HFD1,4126,3025
ECM15,3637,2537
SHR3,3790,2694
TSC13,5333,4250
NA,2797,1716
NA,3003,1927
RPS18A,6972,5904
RPS1A,8634,7567
STE2,3062,1996
RPL16A,6043,4978
ERG24,2305,1243
RPS10A,6865,5806
RPL22A,4956,3910
RPS16B,5835,4790
REE1,1811,769
HTB1,9994,8953
RPL23B,8264,7226
ERG28,2655,1620
LYS9,5134,4110
DSE1,2608,1585
AIM19,2405,1382
VPS55,2624,1603
CPP3,1382,362
RPS18B,6226,5207
RPS14A,10825,9811
RPS19A,6072,5061
GOR1,3215,2210
VVS1,3138,2136
MCK1,3122,2121
RPL20A,6141,5144
DSE2,3461,2466
LAP3,2784,1791
GSY2,3693,2704
PFK2,5112,4124
RPS4A,8448,7464
FAA4,2253,1269
RPL42B,5514,4535
IMD3,3468,2503
RPS28A,6562,5599
ERG6,3323,2378
NA,2325,1380
DUG1,3877,2935
PRM5,1673,737
LEU2,5349,4414
RPL37A,4856,3924
GAD1,3168,2236
CDS1,2345,1414
TEF4,5762,4834
POX1,1152,228
PFK1,6081,5159
PHM7,4267,3345
ARF2,6685,5771
RPL21B,5207,4302
THI4,3224,2324
RPL42A,5585,4690
RPL40B,5374,4480
TVP15,2865,1976
RPS24A,7400,6520
RPL15A,11591,10711
PIS1,1692,812
RPS10B,3985,3108
BCY1,3488,2612
NA,2130,1254
YET1,3604,2738
EGD1,4505,3650
EMI2,1740,895
ISF1,1956,1119
ERG2,4054,3219
TPS2,3468,2639
PXA1,1197,368
CCC1,2375,1547
RPL7A,7785,6958
AGA2,1428,607
TRX2,3959,3147
NA,1767,957
YKE4,2598,1791
HXT6,1140,337
RPS19B,7102,6304
RPL29,3782,2988
RPL27B,4303,3512
GET2,1580,801
SPG1,1121,343
PER33,1555,778
ALT1,2230,1454
HXT3,1127,358
RPS28B,3026,2259
TIF1,3142,2378
FOX2,1365,605
RPS26B,3440,2683
ACB1,2709,1952
RPS17B,5552,4796
TNA1,4009,3257
NA,2562,1813
NA,1765,1018
RPL23A,3684,2940
FMP45,3814,3070
ERV14,4353,3611
POT1,1137,399
SCS2,3031,2294
TOM40,3347,2612
NA,3327,2597
IZH1,3173,2447
STE24,2744,2032
CHS7,1524,814
MHO1,2896,2198
RPL33A,6299,5606
RPL40A,7763,7071
GRX2,3801,3116
RPS21B,4349,3672
NA,1953,1279
GDT1,1948,1278
BXI1,3346,2678
VMA5,2293,1630
VMA3,7377,6715
STM1,8040,7379
RTS3,1802,1143
THR1,2751,2093
MXR1,1731,1074
RPL13B,9430,8773
ICS2,975,319
DIC1,1258,606
USV1,1169,518
VOA1,3715,3067
RPL27A,6461,5816
UIP4,1954,1309
GFA1,2312,1668
NYV1,2112,1476
ERP1,3816,3181
PRE3,2167,1534
GIP2,795,165
LAC1,1474,844
GCN4,17288,16663
NOP10,2326,1704
RPS1B,9077,8456
RPS15,10063,9442
RPS23A,6942,6324
NNR2,2280,1669
ABF2,3291,2680
SPS19,1043,433
TES1,1763,1158
RPS14B,2889,2285
VPS68,2858,2256
NA,1738,1138
HEF3,1143,547
EGD2,5059,4464
ARC40,2859,2266
RPS23B,8703,8111
SSZ1,4119,3528
CDC42,2473,1882
ALT2,1206,620
IZH2,1393,807
VMA13,2833,2248
YIF1,2168,1585
NA,2050,1468
RPS27A,2790,2209
RPS25B,3019,2441
TMA17,2482,1908
YPQ1,2391,1817
RPL12A,4335,3764
PHS1,1941,1370
TMH18,2283,1718
HMF1,2674,2113
RPL39,7003,6442
GID11,1603,1042
PFY1,4717,4158
ZRC1,3483,2929
GPC1,1805,1253
RAD51,1658,1108
LAP2,2129,1581
TMH11,3974,3430
BDS1,1743,1199
RPL31A,7018,6475
YEF1,895,355
RPE1,2309,1770
YIM1,1556,1018
DOG2,1147,610
RPL24A,5988,5454
ECM4,1268,737
GAC1,1041,512
ELO3,3003,2476
SPO1,854,327
ALG12,1453,929
ATG34,1463,940
AQY1,970,448
NA,917,400
CAR2,834,326
TIF6,3041,2534
URA5,2377,1877
KTR1,2902,2402
MTR2,1125,627
APA1,1497,1000
CIR2,1670,1173
HAB1,779,283
GET3,1754,1260
ALG6,1684,1190
NGR1,2631,2139
APE4,1866,1376
RPS17A,7508,7025
GSY1,1205,723
UBX6,2030,1548
CSC1,1495,1016
RPL26A,4217,3738
DPC7,608,130
ADI1,1043,567
PRO3,2918,2443
NA,1241,766
AMN1,1768,1296
TSC10,1080,608
RPS29A,2892,2420
DPP1,1599,1128
TUB1,2921,2450
RPL18B,1683,1212
SUI1,2818,2351
OST1,2392,1926
MET14,3177,2711
SNQ2,1323,860
ESF1,1128,665
RPL19B,7817,7356
TUP1,2405,1948
RPL36A,2551,2094
LEU4,11736,11279
NA,1324,869
SEC23,2595,2142
RIM1,2794,2346
CHO2,1891,1443
CPT1,2309,1861
ACP1,4168,3721
OLA1,6330,5884
ARC19,2092,1646
TSL1,5102,4659
HHF2,5644,5201
RPL20B,6411,5970
SSH1,3556,3117
CTP1,1430,991
PRS2,899,460
RRT8,1627,1188
FUN14,1329,891
CWP1,542,104
SPE3,2338,1900
RPL11A,3353,2915
GLT1,2658,2223
RPL6B,2979,2545
DAP1,1390,956
RPL14B,3513,3081
PYP1,1731,1299
MIG1,1054,623
PAM17,2466,2035
BIO5,2454,2023
COQ9,1289,859
GTT3,1218,791
RPL12B,7156,6730
ARO9,492,66
PRS1,1980,1555
SEC53,5904,5481
FAA2,1214,793
FMP48,688,267
DCS2,2721,2300
ELO2,1763,1344
DPH5,1343,924
PRS5,1886,1468
GDH2,3205,2788
CRG1,1135,718
PGM2,4080,3663
NA,661,246
SUB2,4823,4409
PEX2,1567,1153
HEM15,1592,1179
IZH4,655,246
HXT4,602,196
MRK1,948,543
NA,708,303
GAS5,3494,3091
CRF1,966,565
GDA1,2060,1660
BLM10,1546,1146
NEJ1,929,529
ESBP6,1578,1178
PMP1,4201,3802
RPL17B,4679,4281
MPO1,1150,755
SHC1,628,235
PFK26,1711,1319
YIG1,714,322
EMA19,1293,902
STF2,4846,4456
FMP46,1383,993
SML1,4632,4245
HSP31,2216,1830
GDI1,2271,1887
PCA1,845,462
SCL1,2253,1870
NA,724,343
IRA2,855,475
RPS8A,5083,4704
RPL19A,5878,5499
TUB2,3387,3008
SUR7,3603,3228
GPG1,2967,2594
GPX1,1651,1278
PMI40,2408,2036
MPC2,3245,2873
ELO1,2969,2597
UCC1,782,413
ATH1,1538,1169
SNU13,1426,1058
EMP24,4649,4282
AVT1,1699,1336
DSE4,2035,1672
PUT4,5055,4693
RLI1,1463,1102
TDA4,644,286
RPL17A,7346,6989
MNN5,1350,996
RPL7B,2155,1803
UBC1,1621,1270
RPS6A,4925,4575
RPL32,9151,8802
TPS1,5590,5243
PRE1,1636,1291
NA,545,201
FRD1,1265,923
PRS3,1907,1566
RTC3,1945,1607
SEC14,1300,962
SND3,3883,3547
SCW11,1930,1594
YKT6,1692,1356
PFU1,897,562
SUN4,1757,1424
FUI1,1118,786
RPL13A,3491,3159
UTR2,753,421
LAG1,2509,2179
RPB8,1613,1283
EPT1,906,577
HMS1,563,234
GLC3,2341,2013
RPS11B,5265,4940
PRR2,787,464
RPS8B,2517,2194
MGA2,1017,694
BDH2,1599,1277
SUP45,3148,2827
KNH1,865,544
CCP1,2859,2538
WTM1,8966,8645
BAG7,544,225
PPQ1,3374,3056
IRA1,1010,693
MAL33,1530,1213
IRC24,1119,802
SYM1,1170,855
GSP2,1617,1306
WBP1,2779,2469
MET3,3924,3614
CIN5,727,417
PGC1,2076,1766
RPN9,1429,1121
GPM2,815,510
DFG16,660,355
RET3,1425,1120
SOL4,1374,1070
MHT1,1098,794
SDH9,776,474
PDB1,6117,5816
NA,2438,2138
ERV25,4385,4085
SVP26,987,690
RIB4,1367,1071
ASP1,1035,741
NA,2337,2044
UBP13,1074,782
GPT2,2074,1783
RPL35B,3045,2756
ROQ1,1053,766
CPR4,2195,1910
ADH6,1080,795
SBH1,1470,1186
TUL1,1009,726
NA,2127,1845
PRE8,1979,1698
ECI1,530,250
MAL31,1945,1666
TPH3,1525,1248
RPB7,1085,809
GOT1,996,720
NA,892,616
MCH2,370,95
ERR3,543,268
CHP1,2091,1816
IGO2,1013,739
YIP4,1601,1329
SEC11,1600,1328
RPS22B,3223,2952
NIP7,796,525
NUP120,1001,731
TPO4,756,486
NA,620,351
MXR2,1103,835
RPN3,2356,2088
ARF1,4886,4621
BMH2,4615,4350
GUK1,2212,1948
NA,1682,1418
MDH3,3403,3140
SKN1,1380,1117
HSC82,16527,16264
MCT1,725,462
PRE9,1804,1542
SEC61,4009,3747
YCT1,2263,2003
DDI1,1015,757
VMA1,6231,5974
ERG7,1493,1236
ALG8,1028,771
ENA1,501,245
SVF1,1220,964
OTU1,1018,762
PHO90,718,462
VCX1,4365,4110
NA,673,418
HMG2,996,742
SEC22,1035,782
ERP4,1332,1079
TCB1,1324,1072
IDI1,2064,1812
PER1,983,732
ALG9,1897,1646
IDP3,499,248
RPS30B,3974,3723
ALE1,1403,1153
SNC1,1004,755
PRE4,2161,1912
CBF5,1621,1372
ADP1,1769,1522
RPL33B,2903,2657
SNF11,668,423
ILM1,864,619
FPR2,1617,1373
PRE10,2188,1944
SMX3,623,380
SPF1,2374,2132
BNA3,2218,1976
TDA1,471,229
RBD2,2104,1862
NA,1304,1063
MOH1,1878,1638
SEC28,1459,1219
MRI1,810,570
RCF3,1069,830
AKR2,760,521
NA,2095,1857
FMP42,1290,1052
TPC1,470,233
MET5,2926,2689
SPC3,1326,1089
ALD2,780,543
SNA4,1224,988
CRP1,2539,2303
AVT7,2264,2028
EFT1,3131,2895
NA,852,617
NA,858,623
DAK2,311,77
RER1,1660,1429
MDE1,1211,980
GPP2,850,620
ATG44,839,609
MF(ALPHA)1,301,71
ADH4,840,611
NHP6B,802,574
LOH1,450,222
RRP40,773,546
RPS11A,5262,5036
SRL3,666,442
RAS1,475,251
CYB5,1075,852
PPH21,1830,1609
MEP1,3238,3017
NA,285,64
SND2,745,524
TYE7,1103,882
ARC18,1999,1779
MLG1,770,551
YOS1,954,735
CPR6,2784,2566
GRX1,2439,2222
MIN7,443,228
PDR11,854,639
YPT31,1246,1032
TVP38,1055,841
REX2,925,711
NA,1929,1716
PUP3,2388,2175
KSH1,1183,970
HTZ1,1577,1364
EMC10,1129,917
RFA3,934,722
SRD1,390,179
BOL2,1004,793
TMA7,1908,1697
TEF1,7821,7611
LSM6,937,728
ARO10,529,320
UGA1,1706,1497
NA,552,344
ATG36,879,671
TIM21,1133,926
DAL3,1226,1019
YPC1,1084,878
HBT1,2274,2068
VMA6,1687,1481
DFG10,563,358
CAP2,1639,1434
MEU1,833,628
NA,398,193
SCM4,1218,1014
NOP56,2280,2076
NCA2,876,672
DIE2,700,497
BUB2,535,332
CTS2,370,168
AGA1,539,337
NRG2,603,402
YFT2,986,785
MOG1,984,783
ARA2,831,631
GPI1,698,499
YPT7,1819,1620
PRE5,1676,1477
THG1,888,690
AIM18,1154,956
SPO22,539,341
NA,1860,1662
NA,655,458
HPA3,719,523
PGA3,986,790
STE14,593,398
RPL34A,3598,3403
COX15,1581,1386
SEC13,1788,1593
MIN6,487,293
PSD1,1229,1035
FMP40,2048,1854
NA,796,603
TIM17,1664,1472
AIM29,939,747
NA,724,533
FMP41,987,796
ATG22,868,678
CIS1,423,233
RAS2,2046,1856
UMP1,1133,944
ARB1,2342,2153
UBA1,3126,2937
VBA4,821,633
FET4,280,92
EGT2,2155,1967
BOL1,726,539
ALO1,1803,1616
CAB1,860,674
AIM17,1206,1020
LIP1,914,728
PRE6,1946,1760
ASK10,679,494
NA,378,194
NA,1082,898
YSA1,1733,1550
ARC1,2704,2521
NA,1647,1464
CMD1,3409,3227
NA,597,415
HAP1,956,775
TPD3,2277,2097
MPC1,885,705
RSC9,925,745
NA,573,393
OST5,1047,868
COQ6,645,466
DAL7,1011,832
KAP95,1274,1095
URA10,595,416
COG7,578,400
VMA16,3235,3057
JHD2,508,330
DCS1,1595,1417
RPA49,671,493
YDC1,1700,1523
RPC40,1158,982
NA,491,316
TIF5,1941,1766
APA2,1040,866
YHC3,606,432
ULA1,676,502
VPS36,540,367
TIF11,1751,1578
HAS1,697,524
NA,811,639
COA1,927,756
COX5B,315,144
CAB2,1212,1041
SDS22,755,584
SHB17,1098,927
RAD55,431,261
GRH1,1254,1084
VTI1,736,567
NA,5371,5203
TOM1,700,532
GET1,1015,847
UPA1,506,338
AUR1,1235,1067
PTC3,2049,1882
EMC4,928,761
MRT4,717,550
GUA1,3068,2901
RPS4B,6986,6820
PSR2,959,793
DCI1,372,206
KTR6,1287,1121
SPR28,262,97
ECM9,463,298
HOL1,1184,1019
MPD1,728,563
RHO1,3614,3449
RRT13,360,196
PMT6,1266,1102
KDX1,700,536
PDR10,912,748
DMC1,375,212
VHS1,568,406
MPD2,870,708
NA,717,555
NHP6A,685,523
NA,725,564
RPC19,624,463
RCR2,994,834
PEX8,902,742
COQ4,840,681
PCL7,1270,1111
NA,598,439
TIM18,728,569
EMG1,707,549
MCP1,730,572
KAP123,2302,2145
LSM2,888,732
AGP3,827,671
NSR1,1394,1238
HNM1,2530,2375
POP6,372,217
SHE2,587,432
SPR1,454,299
CAF20,1551,1396
NTH2,964,810
GAR1,1637,1483
RNR3,259,105
BPT1,1128,974
NA,328,174
GET4,620,466
GPI2,371,218
HFM1,507,355
SWP1,1728,1576
TPK2,1451,1299
NUG1,859,708
ATG27,1263,1112
PMT4,1728,1577
RLP24,804,653
GIS2,2890,2739
RRT1,394,244
SER3,1183,1033
BRX1,858,708
NA,470,320
ALG13,321,172
LYS12,4576,4427
IRC18,272,123
NA,1977,1828
RIO1,712,563
YPQ2,789,641
NA,809,661
RXT3,637,490
NA,911,764
CDC33,3561,3414
ECM3,686,539
RSA1,585,438
UBC13,1070,924
COS8,1591,1445
UTP10,770,624
BAT2,1209,1063
IMP4,492,346
ICL2,1152,1006
RRP1,410,265
NA,647,502
RPO21,1656,1512
PAN6,941,797
ERG20,3528,3384
CHZ1,874,731
GPN3,439,296
TUM1,1165,1022
DBR1,614,472
VTA1,461,319
TUB4,810,668
EIS1,1730,1588
OCA2,604,462
OST2,980,838
YRB1,1854,1713
NA,687,546
EMC3,1817,1676
UGA2,1343,1203
AIM7,851,711
PAA1,1614,1474
MTC6,465,325
COQ21,836,698
VPS73,640,502
SAG1,979,841
ETT1,482,344
RPN8,2238,2100
CQD1,623,485
CDC123,439,302
WHI3,1091,954
TMS1,997,861
UBC6,826,690
LYS5,607,471
REA1,658,522
PIN3,707,571
URA7,724,589
GPI18,604,469
ERS1,541,406
SPC2,970,835
ZPS1,325,190
LSB5,1250,1116
EMA17,209,75
BAR1,712,579
RPO26,1349,1216
CSG2,3629,3497
PTC6,945,813
PRP43,648,517
GOS1,649,518
SSL1,858,727
ECM7,632,501
NA,409,279
DIA3,180,50
NIF3,1040,910
LAS21,826,696
FLO10,354,224
TEN1,377,247
WSC3,512,382
SLC1,1283,1154
RPA12,429,300
NA,514,385
STT4,799,670
LSM7,673,544
TRM11,380,251
DIP5,456,327
OXR1,727,598
ELP2,951,823
SQT1,1151,1023
SYS1,845,717
AIM41,1923,1795
IST2,2386,2259
MLC1,1050,923
CKB1,910,783
APQ12,853,726
LIA1,1266,1139
LPX2,320,193
NA,1917,1790
PDR3,597,471
RMR1,554,428
NA,1808,1682
PBA1,665,539
UTP13,502,376
EFR3,658,532
SSS1,1731,1606
NA,327,202
ALG3,826,702
YEA4,553,429
SEC4,1759,1635
VMA2,4053,3930
PPH3,403,280
TDA10,308,185
NUP192,743,620
SFT1,444,321
COQ11,838,715
NA,657,534
FLO9,467,345
CNL1,911,789
QNS1,1556,1434
NA,1344,1222
SFT2,1601,1480
GSP1,3456,3335
COQ10,372,251
RPT3,1746,1626
YAP1801,917,797
YPS6,320,200
STE4,850,731
PPT2,698,579
RNY1,1130,1011
VPS15,367,249
LYS4,2309,2191
MMS2,865,747
NA,618,500
GAS3,1378,1260
ARC35,2846,2728
ATG40,1082,964
HSP32,291,173
PEX32,458,341
ALG7,825,708
NA,550,433
RCL1,745,628
YVC1,887,770
DXO1,406,290
IRC22,1569,1453
UTP8,494,378
APS1,456,340
MSC3,1108,992
FMP27,543,427
MKC7,663,548
OLE1,21191,21076
RCE1,295,180
TOM7,877,762
SNC2,1342,1227
UME1,589,474
NCR1,1096,981
BNA6,1913,1799
HOC1,1174,1060
NNT1,461,347
AIP1,1711,1597
FPY1,655,541
CTL1,504,390
PGA2,1110,996
MNN2,1933,1820
DUT1,606,493
DPL1,1399,1286
VMA21,694,581
SLY41,695,582
ERD2,2054,1942
EPL1,1084,972
MNL1,656,544
GEX2,242,130
NA,1039,927
VMA11,2882,2770
PFD1,443,332
PXA2,543,432
YTM1,507,396
NA,174,64
ACA1,337,227
YGK1,444,334
RRP46,492,382
NOP58,1087,977
CDC36,585,476
CDC34,934,825
HRI1,813,704
GRX8,490,381
GRE2,2348,2239
RPB11,875,766
RRD2,522,415
MGR1,770,664
DSF1,145,39
CYC7,166,60
CDC55,896,790
ZUO1,2657,2551
COS9,486,380
COQ5,2077,1971
GLO4,630,524
POS5,913,807
ATG8,985,880
SSK22,585,480
PEX1,409,304
PDR5,2103,1998
RSM10,876,772
VTC1,2200,2096
ARC15,1137,1033
GWT1,891,787
PCD1,416,312
NDL1,444,340
NCS2,485,381
NA,228,124
SLM4,838,735
INM2,739,636
GTO1,576,473
NA,221,118
SLT2,1079,976
EFB1,8505,8403
NA,1029,927
GCD14,452,350
HAL9,418,316
DGK1,820,718
ASA1,566,464
CCT4,1759,1658
DUS3,489,388
SRP68,1336,1235
PEP4,17052,16951
RCR1,754,654
NA,814,714
SEC66,807,707
TRP4,1125,1025
XYL2,344,244
NA,706,606
GDH3,6798,6699
KEI1,754,655
GPI10,668,569
RPL11B,3315,3216
HSV2,396,297
ANS1,133,34
FUR1,537,438
PRM2,348,249
THI11,327,228
NA,1606,1507
UTP21,501,402
CUZ1,897,798
RPT5,1742,1643
VAC8,1190,1092
ACF2,596,498
VNX1,888,790
DUF1,1040,942
SFM1,796,698
RPL36B,8825,8727
OPY1,630,533
PPH22,778,681
PMT7,628,531
RPL37B,4518,4421
SDH7,612,515
UTP22,816,719
NA,173,76
NA,483,386
DPH2,1066,969
NA,730,633
RBG1,1008,912
TRS23,546,450
YUH1,494,398
COA2,1197,1101
MAF1,1372,1277
TMN2,305,210
RUB1,641,546
PAU2,336,241
NSG1,654,559
NA,390,295
PFA5,749,655
FAU1,553,459
SPS100,102,8
PSE1,1232,1138
MEP3,1090,996
AFR1,974,881
TSA2,544,451
GEA1,413,320
BER1,468,375
TVP18,1647,1554
ELP6,507,414
MDM12,390,297
ATG5,943,850
SRP102,492,400
URB1,330,238
CLF1,523,431
RTC5,886,794
RPB10,642,550
RRP12,802,710
VMA22,469,378
CCT2,1393,1302
SEC10,522,431
LUG1,544,453
HMRA1,636,546
GPD1,6148,6058
UTP7,420,330
MMF1,2751,2661
TOA2,993,903
PYK2,503,413
NA,544,455
SNF4,879,790
CCT8,1280,1191
EMP70,1395,1306
APJ1,859,770
SLG1,1510,1421
HSP33,552,463
SGE1,856,767
AMS1,2102,2014
SRB2,524,436
RPL34B,4246,4158
NA,388,300
TIF34,2503,2415
APT2,1668,1581
EMI1,607,520
MAG1,522,435
NAM8,982,895
NTA1,450,363
ALP1,289,202
DMA2,806,719
FAP7,352,266
NA,540,454
FLO5,367,281
YAK1,1026,940
DIF1,172,86
COQ3,409,323
CTO1,228,143
CAX4,415,330
TEL2,476,391
GPI13,1186,1101
ECM22,474,389
GAS2,159,74
NUP188,691,606
CCL1,484,399
RSE1,608,524
CDC31,461,377
PPZ2,748,665
YPI1,578,495
CAB4,424,341
BET3,1031,948
NSE5,663,580
ADD37,477,394
TOM20,1003,921
CBR1,2545,2463
DAN4,393,311
UBP11,278,196
SPC98,430,348
NOC4,674,592
RPB5,824,743
YPD1,809,728
SKP1,1601,1520
OSW2,286,205
NAR1,567,486
ARP2,2614,2534
SEC20,576,496
LDO45,490,410
CSM4,144,64
NA,297,218
SEM1,1201,1122
PCI8,422,343
CAP1,1283,1204
PAU7,115,37
IPT1,1237,1159
NA,501,423
NA,278,200
RSF2,575,497
CDC25,1126,1048
CFF1,783,705
POC4,373,295
ALG14,517,440
UBC9,618,541
CSN9,198,121
UTR4,504,427
MSC7,2305,2228
SFB3,1032,955
FMP33,742,665
SUI2,1492,1415
PIG1,540,463
NA,184,107
PDR17,254,177
CIN2,308,231
TCP1,1269,1193
ABZ2,643,567
AIM2,1457,1382
SRF1,705,630
GLO2,1036,961
NUP82,597,522
TGL4,1146,1071
CMP2,1224,1149
IST1,496,421
TRM7,359,285
DAD1,460,386
CSE1,943,869
IMA5,123,49
GPI14,619,545
JJJ3,163,89
NA,483,409
STE23,1108,1034
CTR3,156,82
URA4,668,594
TDA5,424,350
ERO1,463,389
PEX9,228,154
MHF1,621,547
ATX2,601,527
NA,251,178
RPL24B,4177,4104
IMA1,177,104
NA,441,368
VPS38,363,290
ATG21,635,562
TSC3,704,632
UPS3,234,162
PCL6,628,556
NA,345,273
DBP9,609,537
NIT3,1412,1340
AUS1,466,394
GIP3,684,612
PUF2,408,336
YTH1,329,257
ERP3,579,508
TRP1,1249,1178
DOP1,645,574
DYN2,494,423
TPK1,811,740
TPP1,313,242
CMC4,552,481
VMA4,2195,2124
NUD1,523,452
NOG1,1098,1027
HAT1,460,389
MSS18,422,351
BET2,919,848
TRX3,689,619
WHI4,1098,1028
RMT2,406,336
TCA17,343,273
RPB9,497,427
VMA7,1321,1251
HTD2,561,491
EMC6,856,786
NA,148,78
YKU70,394,324
CKB2,1041,971
MRN1,966,896
TBF1,426,356
DTD1,441,372
CIA1,504,435
RSC3,559,490
BNS1,438,369
NDT80,518,449
PRP19,528,459
CMG1,341,272
CUE4,328,259
CCS1,796,727
MAK3,475,406
ARL1,652,584
UBA2,791,723
GLE2,563,495
MRX20,421,353
THI73,526,458
AIM34,332,264
NA,195,127
IRC23,361,293
RET1,769,701
TBS1,487,420
KXD1,401,334
YCH1,629,562
ROF1,189,122
AYT1,361,294
TML25,714,647
PNP1,1009,942
YCS4,357,290
NA,245,178
SWM2,227,160
SOL1,700,633
RPN7,1320,1253
CHK1,469,403
THI13,207,141
XPT1,783,717
VRL1,514,448
NA,210,144
ISR1,564,498
NA,280,215
TEC1,454,389
NOP1,1802,1737
SRB7,345,280
NA,709,644
DAL80,230,165
SIR3,388,323
OST6,778,713
PHO80,441,376
MGR2,1163,1098
PRP38,299,235
PET54,598,534
RCI50,426,362
NKP2,210,146
GIM5,352,288
ASI2,721,657
SET6,495,431
BPH1,420,357
PHO13,1407,1344
NA,833,770
SYO1,362,299
HPM1,300,237
FYV10,498,435
PRI1,416,353
SFK1,728,665
NA,147,84
TOD6,342,280
MED8,426,364
KAR4,355,293
ARI1,245,183
HUL4,216,154
TAT2,160,98
UTP20,425,364
RPS6B,3675,3614
DPB3,474,413
YEA6,889,828
NA,75,14
SEC24,2180,2119
CDA1,211,150
ATF1,543,482
ROX3,403,343
GFD2,154,94
RBK1,1154,1094
CHL4,452,392
COI1,528,468
HVG1,347,287
RPN12,1424,1364
ENV11,320,260
POR2,251,191
LOT5,313,253
GAA1,670,610
TDA7,1385,1325
PDR18,259,199
CSS3,444,384
SGT2,4071,4011
RPA190,795,735
NA,174,114
SCY1,428,369
MAL11,836,777
LAA1,457,398
FAR1,488,429
CCT5,1307,1248
PGU1,147,88
FRS1,1988,1929
GAG1,462,403
INA1,194,135
RFA2,792,733
CAT5,486,427
TMA16,405,346
HHO1,1389,1330
NA,708,650
ADH7,277,219
MSH5,152,94
GPI11,357,299
RPT6,1474,1416
NMD3,744,686
FCF2,323,265
CSR1,646,588
RRB1,792,734
WRS1,1196,1138
ISN1,723,665
PUP1,1337,1279
PRE2,2388,2330
NA,126,69
DIT2,120,63
THI5,219,162
DYS1,1062,1005
DCK1,512,455
ECM5,553,496
RPC34,286,229
FRE4,191,134
MAN2,75,18
MRX11,103,46
ERV15,410,354
ARE1,343,287
LHP1,1219,1163
TVP23,1173,1117
AIM11,324,268
LOC1,501,445
SLI1,210,154
NA,431,375
CUE2,430,374
TAD3,580,524
BUD8,498,442
GTR1,846,790
DSK2,1422,1366
SRP1,1871,1815
IPI3,285,229
ERP2,1075,1020
PBN1,995,940
AAD3,227,172
HIM1,387,332
KAP122,370,315
MLH2,348,293
HUB1,252,197
PSF3,416,361
PRP6,509,455
FRQ1,928,874
CMI8,523,469
RIM15,640,586
OSH7,994,940
PSF2,394,340
SEI1,256,202
NDJ1,60,6
TSR3,544,490
SUS1,472,419
MGT1,495,442
SWM1,363,310
DIT1,271,218
VPS60,577,524
MYG1,669,616
SDP1,227,174
SSM4,1117,1064
SNL1,601,548
NA,433,380
SFH5,707,654
NOP13,382,329
NA,228,175
DIM1,433,380
BEM2,668,616
KEG1,627,575
NA,287,235
ARV1,321,269
GAB1,596,544
ARR1,588,536
NA,488,437
MRM2,547,496
RPC10,740,689
LOS1,475,424
NA,311,260
COG5,387,336
PEX15,529,478
NAT5,439,388
GCR1,552,501
APC4,277,227
DAD4,747,697
RTT105,254,204
BUD32,669,619
TPO5,743,693
TAG1,638,588
VPS33,628,578
CDC73,555,505
DYN3,422,372
ROD1,430,380
HUT1,892,842
RKM3,449,400
RPS26A,8439,8390
CAF130,354,305
HGH1,472,423
MNS1,434,385
MSS51,1208,1159
CRN1,1429,1380
NA,1060,1011
SEC62,1687,1638
CST26,428,380
RHB1,338,290
INO2,409,361
GCN2,487,439
URH1,316,268
SMB1,336,288
YHI9,561,513
SCH9,1080,1032
MTC2,582,534
RPF2,372,324
DCN1,227,179
DIP2,438,390
EST2,313,265
SNN1,217,169
FSH3,355,307
PRM3,149,101
PET100,519,472
MRX14,460,413
CPR5,2125,2078
RPN14,549,502
SMD1,369,322
PEX4,477,430
ECM34,340,293
ECM29,384,337
NA,115,68
DBP8,339,292
RIX1,260,213
CHA4,486,439
CGI121,376,329
SEC21,1775,1728
VID27,741,694
PFK27,263,216
OCA6,414,368
SHU2,362,316
RTA1,123,77
UTP9,548,502
MSL1,165,119
PET191,299,253
PAU23,150,104
ERF2,541,495
IMP1,600,554
CUS2,457,411
ATG4,348,302
NA,132,86
OPI10,694,648
ENV7,487,441
RKM1,404,358
AIM45,2436,2390
NRP1,400,355
ARX1,679,634
THO1,1104,1059
AIM14,1200,1155
DPH1,665,620
LTV1,353,308
XDJ1,393,348
REH1,729,684
SCS22,408,364
NKP1,342,298
VAB2,430,386
NA,134,90
YEH1,557,513
NHA1,803,759
AIM36,396,352
NA,98,54
AME1,346,303
VPS74,1161,1118
EUG1,315,272
SDD1,140,97
MTL1,533,490
NBL1,153,110
NCE101,405,362
MBB1,276,233
NOC3,341,298
CKI1,491,448
SST2,227,184
SNO4,491,448
RHO2,563,520
RRI2,345,302
LDS2,162,119
MIY2,319,276
HTS1,1973,1930
CUR1,545,502
TIM12,272,230
DMO2,817,775
PEX35,551,509
DLS1,641,599
CPR7,427,385
STE6,774,732
RHO4,314,272
ITT1,330,288
PHA2,369,327
NA,147,105
FRT2,149,108
TEL1,366,325
SCO1,398,357
SRP14,712,671
YHP1,642,601
NPR2,345,304
DSD1,1085,1044
PEX31,304,263
COX18,343,302
ECM14,1453,1412
YVH1,295,254
RRP5,612,571
TFB5,252,212
CPD1,288,248
NA,98,58
MLO127,398,358
BCH2,391,351
NMD4,287,247
PTC5,729,689
TAH1,360,321
UFD2,833,794
DIN7,303,264
PPM1,625,586
LCD1,354,315
FRS2,1672,1633
NA,200,161
NAS6,792,753
CIC1,608,569
STE12,502,463
FLX1,247,208
BET1,449,410
DCG1,184,145
ASH1,1386,1347
ARP6,429,390
PNG1,392,353
PRE7,1617,1579
CSM1,287,249
KAP114,471,433
DAL1,221,183
NA,337,299
HIR3,298,260
UTP11,266,228
CNA1,543,505
NA,518,480
UTP15,426,388
UPA2,490,452
ABZ1,683,645
NA,89,51
HES1,88,50
MMS1,435,397
MEO1,1306,1269
ENA5,146,109
TRS31,443,406
SPS1,55,18
RPH1,786,749
PPT1,241,204
FHN1,132,95
IKS1,712,675
CMS1,328,291
NA,48,11
SEN1,814,777
HUG1,47,10
STO1,994,957
NMA111,710,673
SPT14,364,327
MAK16,439,403
KIN82,395,359
CAB5,643,607
FMN1,786,750
PIB1,863,827
IPK1,271,235
RPL22B,1389,1353
YIP5,1578,1542
MST27,240,204
PXR1,402,366
IKI1,453,417
DAL4,332,296
IPA1,325,289
GRC3,291,255
NA,120,84
IKI3,834,798
ECM30,876,840
FMS1,541,505
KAR5,300,264
RGM1,329,293
INP54,409,373
ARR2,110,74
SEC17,1391,1356
HSM3,443,408
APC11,384,349
MAK21,651,616
NA,299,264
NA,227,192
ORM1,635,600
DOG1,168,133
COX23,183,148
SPO20,93,58
CSI1,198,163
SDD2,971,936
GAS4,128,93
THP1,370,335
PEX22,359,325
NA,1035,1001
SYP1,1168,1134
KIN28,435,401
RRP8,276,242
TRM82,527,493
NA,84,50
PHO12,155,121
RIX7,352,318
PUT1,582,548
NGK1,232,198
NA,221,187
VPS75,744,710
GCD10,357,323
TPT1,341,307
SME1,340,306
ALG5,368,334
ERV2,203,169
OCA4,339,306
NUP157,780,747
NA,46,13
NA,48,15
TRA1,607,574
NA,323,290
RPB3,866,833
GON7,476,443
HAM1,358,325
EAF6,549,516
HFL1,476,443
ORC3,234,201
MAP1,1315,1282
ILV5,11893,11860
DUG3,241,208
TFB6,385,352
MET31,280,247
SWI1,366,333
RFC5,482,450
SED4,1137,1105
CBS1,206,174
NA,93,61
HOP2,44,12
NA,613,581
NA,67,35
DPI35,338,306
DBP6,412,380
MVD1,1653,1621
THI80,249,217
MFG1,299,268
YCX1,614,583
ATG9,441,410
TRS85,356,325
DFM1,1727,1696
NA,698,667
CTM1,206,175
FLO11,187,156
YBT1,1438,1407
NA,213,182
TRM112,571,540
THI20,794,763
NA,946,915
SMA1,88,57
MET16,937,906
RRN10,237,207
TYC1,71,41
MET32,458,428
FCF1,500,470
SUT1,93,63
ESP1,281,251
PEX18,278,248
RAV1,500,470
CDC8,330,300
ELM1,375,345
SLM5,322,293
NA,44,15
BNA7,362,333
NA,35,6
ROG1,272,243
TAO3,515,486
RBH1,243,214
TIF2,3263,3234
ALB1,405,376
SPE4,351,322
SEC72,614,585
REC102,107,78
FOL3,312,283
IRC10,46,17
SEY1,976,947
MEX67,660,631
DBP1,391,362
SPO7,402,374
NA,300,272
RRT2,557,529
YPT10,303,275
RAM1,296,268
CIN10,1116,1088
RSP5,1254,1226
ATG18,335,307
GCN1,914,886
AIR1,187,159
KCH1,255,227
ATG10,171,143
NA,63,35
ORC5,524,496
MTR10,492,464
FRT1,352,324
NA,116,88
POP7,248,221
VAM6,371,344
FOB1,408,381
NA,51,24
NA,458,431
SWP82,478,451
COG1,478,451
NA,222,195
NA,121,94
PPE1,452,425
VBA5,158,131
RAD5,312,285
TUS1,346,319
NA,53,26
NA,108,81
END3,777,750
NA,74,47
CMK2,548,521
NA,58,32
UPC2,167,141
YRA1,2376,2350
KRE29,175,149
ZNF1,122,96
SPO11,110,84
NA,40,14
IMD2,92,66
MAD2,373,347
MRP49,494,468
IRC25,361,335
NA,46,20
NA,121,95
DLT1,327,301
RAD50,231,205
RIO2,559,533
HMT1,711,686
LDB16,588,563
AHC2,1397,1372
EMA35,62,37
NBP2,402,377
AVT2,364,339
SOM1,203,178
JHD1,398,373
NA,112,87
MCD4,606,581
PAU17,169,144
NSE1,554,529
COA4,203,178
BLS1,150,125
TRM732,544,519
AQR1,99,74
HUA2,270,245
NA,309,284
VPS28,250,225
SMK1,342,317
ABD1,512,488
NA,45,21
PHO92,40,16
SPO73,383,359
GYP8,329,305
COQ8,376,352
NA,72,48
NA,166,142
RGD3,229,205
SET4,131,107
TOK1,811,787
URB2,364,340
NA,312,288
MON2,660,636
FOL1,593,569
SIW14,547,523
MSN1,361,337
PTP2,505,481
NA,151,127
MRD1,345,321
PTH2,545,522
NTC20,297,274
YBP1,592,569
ENP1,446,423
SHM1,1855,1832
NA,165,142
TMA20,921,898
NA,30,7
HXT10,56,33
SKI8,725,702
BRP1,62,39
SNG1,819,796
FYV4,279,256
THP2,181,158
NA,80,57
SSY5,615,592
NA,252,229
PEP8,727,704
NA,197,174
ABM1,100,77
NMD5,577,554
VPS501,249,226
IES3,479,456
CDD1,178,155
SAM50,594,571
NA,430,407
GDB1,1671,1648
NA,38,16
BMT2,383,361
TRM3,485,463
MCM21,397,375
RBG2,447,425
CTK2,247,225
RSC4,475,453
UBC12,278,256
PDP3,426,404
NA,79,57
GPM3,178,156
TIR2,106,84
SCP1,568,546
NA,74,52
CTF19,388,366
CPP1,1225,1204
GAL10,32,11
PTC4,701,680
UGA4,210,189
XRS2,255,234
MEI4,59,38
NA,46,25
CWC23,231,210
REV7,460,439
SGA1,258,237
EFM3,160,139
HOT13,395,374
ATG38,357,336
SEN15,230,209
NIS1,395,374
MPP6,224,203
NA,235,214
APC5,288,267
RTC6,830,809
MCM16,214,193
THI22,341,320
ARR3,222,201
NA,57,37
LRG1,386,366
BTT1,126,106
SPO74,33,13
HUA1,582,562
SPO13,91,71
ECM12,31,11
IMP3,180,160
NAS2,351,331
SGD1,362,342
SEC39,420,400
RTP1,480,460
EMW1,610,590
GNT1,862,842
MUK1,434,414
AOS1,491,471
NA,257,237
NA,38,19
ECM8,99,80
SWD3,326,307
PCH2,132,113
REI1,199,180
FIG2,403,384
NA,45,26
BUD16,375,356
NA,96,77
HUR1,45,26
TWF1,930,911
OPT1,242,223
UTP18,426,407
VPS71,317,298
WTM2,269,250
MUM3,110,91
DER1,287,269
TRS20,204,186
NA,87,69
NA,191,173
GIT1,75,57
MHF2,228,210
TSR1,491,473
SNM1,138,120
VPS3,322,304
GNP1,77,59
DBP3,637,619
SPT4,544,526
SRB5,325,307
UBR1,862,844
OCA5,815,797
LIH1,462,444
HIF1,465,447
NA,258,240
NA,60,42
TAP42,369,351
RIM11,935,917
IMA2,154,136
NA,33,15
CMR3,256,238
SEC8,302,284
SKI3,357,339
TDA8,41,24
FUR4,1505,1488
NA,179,162
DHH1,364,347
NA,215,198
ARP10,48,31
SPS2,66,49
GAL83,422,405
PET117,250,233
NA,1353,1336
SLO1,110,93
YPT35,176,159
URM1,418,401
IRC9,30,13
ICS3,118,101
CSE4,255,238
RAM2,1015,998
MED11,198,181
ASI1,847,830
JLP2,116,99
MPA43,302,285
NA,33,16
ERR2,29,12
NA,52,36
KAP104,790,774
SSE2,2497,2481
SPS22,48,32
NA,96,80
SIR2,354,338
TMA64,371,355
MSN5,1159,1143
HXT13,34,18
PUG1,239,223
SEH1,789,773
ATE1,218,202
CCH1,213,197
NA,78,62
ARD1,415,399
VPS53,541,525
LAM6,492,476
CIN4,145,129
ATG16,102,86
NA,72,56
TSR4,461,445
ATC1,174,159
MRX8,323,308
DFP4,107,92
NA,30,15
UBP12,437,422
PML1,314,299
NA,20,5
ERV41,1094,1079
PEX27,327,312
HNT3,171,156
FUB1,622,608
NA,35,21
PAD1,442,428
NA,37,23
NA,527,513
LRP1,401,387
SHQ1,163,149
NA,32,18
JLP1,384,370
RAD14,338,324
EFM6,59,45
NA,126,112
PIP2,636,622
APL5,739,725
TAF3,488,474
DFP1,150,137
MEC1,220,207
NA,107,94
NA,395,382
FMP10,458,445
YAP1802,500,487
PEX28,651,638
LNP1,638,625
IBA57,454,441
GMH1,450,437
RRN5,271,258
SAM37,386,373
PAU19,47,34
KRE33,407,394
HXT11,54,41
NGL1,370,357
GYP1,631,618
FDH1,24,11
BEM4,513,500
MAK31,534,522
CDC39,652,640
SUR2,1069,1057
PEX3,994,982
GPI19,148,136
EDC1,179,167
EFM5,819,807
TFG2,515,503
NA,70,58
COG2,415,403
NA,47,35
PIR5,93,81
NA,41,29
ANB1,13,1
NA,23,11
NA,768,756
RNP1,17,5
NA,311,299
SPP382,176,164
NA,480,468
FUS2,138,126
PEX6,573,561
GPI15,246,234
TMC1,1724,1712
SMP3,589,577
UBC11,183,171
RAD17,348,336
TRE1,537,525
REV3,405,393
VPS30,254,242
SYT1,357,345
NA,158,147
RTR2,211,200
NA,26,15
YPR1,1455,1444
SLF1,185,174
NA,388,377
RTR1,273,262
TOG1,276,265
NA,51,40
YSC84,807,796
YSC83,527,516
REC104,66,55
NA,38,27
NA,83,72
GCD7,742,731
COS3,34,23
NA,20,9
ERG12,1172,1161
FIG4,261,250
NA,337,326
SPE2,999,988
STD1,132,121
ATG29,190,179
APM3,387,377
NA,39,29
BCP1,588,578
MIN10,29,19
PAU12,16,6
DDE1,606,596
NA,67,57
NA,386,376
MET18,462,452
MCM22,189,179
SPC34,323,313
TSR2,251,241
NA,77,67
NA,79,69
NA,17,7
HER1,1107,1097
RPA43,300,290
OPY2,1324,1314
MLC2,543,533
SAF1,617,608
NA,59,50
RRP42,479,470
NA,355,346
GIS1,962,953
SPC19,268,259
UTR5,31,22
ANK1,545,536
NA,42,33
HXT9,38,29
VPS35,845,836
BET4,413,404
MPH3,43,34
STE3,377,368
OAR1,29,20
THI7,1199,1190
AFG2,342,333
THI12,244,235
SSP2,39,30
RRP36,165,156
MEK1,59,50
CKS1,534,526
NA,15,7
NA,54,46
MTH1,1269,1261
SIP1,512,504
SLD5,212,204
NA,68,60
DUO1,215,207
NA,8,0
EFG1,229,221
YOR1,431,423
HXT1,112,104
NA,12,4
SPO16,94,86
CAL4,270,262
SOR1,14,6
ANR2,335,327
FYV7,144,136
SRN2,209,201
ATG26,823,815
UPS1,536,528
PWP1,644,636
GMC2,18,10
IRC21,556,548
PRM15,439,431
NOP15,584,576
NA,15,7
NA,45,37
PIN2,313,305
SPO19,14,6
PRS4,408,401
GAL7,20,13
NA,23,16
EGO2,302,295
MPH2,26,19
BSC1,20,13
MOR1,11,4
AST2,542,535
PMD1,238,231
NA,35,28
NA,8,1
NA,181,174
NOP7,830,823
AMA1,88,81
RPP1,278,271
TRR2,994,987
VTH1,24,17
SNX4,644,637
YAE1,266,259
PUS5,329,322
NA,9,2
NA,23,16
CEP3,372,365
HXT14,12,5
BSC4,31,24
NRK1,308,301
NA,29,22
UFE1,357,350
NUP1,694,687
GDE1,496,489
ELC1,184,177
RPA135,1359,1352
NA,8,2
NA,23,17
NA,8,2
TAE1,315,309
PGS1,335,329
MTQ2,425,419
SEC1,644,638
NA,13,7
ISC10,326,320
YPS5,42,36
VEL1,23,17
RCK1,9,3
MPS2,151,145
PAU13,11,5
UBA4,685,679
RRT14,280,274
BMT5,128,122
NA,89,83
NA,12,6
NA,10,4
SPT23,724,718
GAP1,6213,6207
MAC1,419,413
DDI2,48,42
NA,35,29
NA,1318,1312
ERR1,8,2
MEI5,8,2
ASR1,290,284
RRP9,504,498
NA,23,18
NA,7,2
AAC3,16,11
POP4,283,278
KRR1,397,392
NA,61,56
HEM12,782,777
API2,14,9
BIL2,12,7
MRPL6,735,730
LSM1,1132,1127
RRN7,210,205
NA,6,1
NA,5,0
HEL1,408,403
GAT3,5,0
SMD3,198,193
VIP1,869,864
NA,21,16
PPA2,601,596
BNI1,461,456
NRD1,977,972
PAU6,10,5
TRM10,251,246
DSC2,734,729
NA,13,8
SHE4,518,513
IAH1,544,539
NA,16,11
UBA3,204,199
TAT1,4,0
SOR2,16,12
SCM3,118,114
RAD61,146,142
SXM1,780,776
PAC11,112,108
TIR1,16,12
NA,118,114
SAD1,286,282
MTC3,270,266
NA,7,3
YRF1-3,4,0
RHO3,726,722
NA,26,22
TIM8,630,626
IML1,414,410
PUT3,514,510
NA,23,19
YPT6,245,241
YHC1,308,304
CTF3,434,430
PAU4,5,1
NA,883,879
RIM21,994,990
TOF1,363,359
NA,357,353
URK1,337,333
UTP23,231,227
TIR4,63,59
CLP1,433,429
OSW1,5,1
NA,14,10
NA,212,208
NA,7,3
NA,5,2
PHO11,99,96
RGD1,458,455
NA,171,168
COS2,20,17
HXT15,38,35
SSY1,683,680
NA,7,4
NA,7,4
NA,12,9
LSM5,6,3
IRC6,288,285
CEG1,631,628
MON1,428,425
NA,3,0
MUP1,677,674
PCP1,708,705
RPF1,363,360
NA,57,54
NA,5,2
NA,17,14
NA,3,0
APS3,408,405
DAN1,7,4
ADD66,473,470
UTP30,194,191
DAD2,132,129
BRE2,266,263
RRT15,7,4
BOP2,586,583
PUT7,374,371
NA,7,4
NA,8,5
PRM6,5,2
ARP9,625,622
MIH1,313,310
ERB1,577,574
NA,8,5
HXT17,23,20
HSH49,353,350
NA,13,10
LDS1,5,3
NA,3,1
IML3,336,334
NA,7,5
PAU3,3,1
GUD1,250,248
TRM8,417,415
SNU23,173,171
NA,7,5
BAP3,75,73
ZIP1,140,138
SSF2,368,366
NA,5,3
POL5,708,706
MIG3,94,92
EDC2,1249,1247
YRF1-2,14,12
SUA5,541,539
NA,9,7
VPS29,457,455
PPX1,482,480
HOP1,116,114
NA,11,9
GAT4,8,6
MRS1,287,285
NA,39,37
NA,11,9
LSO1,6,4
ACF4,206,204
SPO75,469,467
USB1,183,181
ASP3-4,14,12
NA,10,8
RIF2,147,145
NA,2,0
NA,2,0
NA,33,31
DGR1,40,38
NA,13,11
PTH4,54,52
SGO1,207,205
NA,33,31
YRF1-8,2,0
ARL3,238,236
COX3,6,4
ECM1,206,205
SWD1,426,425
PSY4,218,217
POP8,332,331
NA,5,4
MCX1,386,385
VBA3,1,0
SRO9,8,7
NA,1,0
HMRA2,1,0
NA,13,12
NA,2,1
ENA2,1,0
SNU56,251,250
UTP4,508,507
ADA2,217,216
MAM1,14,13
NA,2,1
LAM5,730,729
NA,15,14
DOC1,53,52
NA,2,1
NA,93,92
JAC1,163,162
SAE3,3,2
NA,3,2
PAU15,5,4
MRX12,378,377
NA,1,0
TGL1,702,701
OAF3,378,377
CSF1,213,212
NA,1,0
NA,6,5
NA,12,11
NA,1,0
NA,1,0
NA,84,83
PKR1,557,556
RKR1,543,542
GPI12,389,388
MRPL19,263,262
TEP1,120,119
NA,2,1
DCP1,446,445
APM4,1282,1281
NOP12,532,531
OST3,1221,1220
NA,24,23
UAF30,243,242
NIP100,296,295
COX11,353,352
IRC16,1,0
NA,7,6
NA,1,0
NA,27,26
AI5_ALPHA,1,0
AI4,1,0
SCEI,2,1
PAU8,1,1
NA,0,0
NA,0,0
NA,0,0
PAU9,0,0
NA,0,0
NA,1,1
NA,0,0
NA,0,0
GAL1,0,0
FIG1,13,13
NA,25,25
NA,24,24
NA,0,0
SPO23,92,92
SLM6,0,0
MAL32,117,117
NA,1,1
HMLALPHA2,0,0
ADF1,0,0
NA,0,0
CWH43,2003,2003
MATALPHA1,0,0
NA,0,0
NA,0,0
NSE4,143,143
NA,0,0
NA,0,0
RVB1,1117,1117
CPP2,0,0
NA,0,0
NA,0,0
NA,0,0
NA,0,0
RNH202,367,367
NA,0,0
NA,0,0
SWA2,404,404
SBE2,670,670
NA,0,0
NA,0,0
BUD25,0,0
FMP49,0,0
NA,0,0
NA,0,0
NA,0,0
NA,4,4
NA,0,0
NA,0,0
NA,1,1
NA,0,0
NA,2,2
NA,0,0
KIP3,327,327
NA,0,0
IME4,0,0
NA,9,9
NA,228,228
NA,0,0
NA,0,0
NAG1,0,0
NA,13,13
NA,0,0
NA,0,0
NA,0,0
NA,0,0
NA,0,0
NA,0,0
NA,5,5
NA,0,0
NA,6,6
INM1,457,457
NA,0,0
CUP1-1,0,0
NA,0,0
CUP1-2,0,0
PFS1,5,5
NA,0,0
NA,0,0
NA,0,0
NA,0,0
NA,0,0
NA,0,0
PAU14,0,0
IMA3,0,0
NA,8,8
NA,0,0
NA,0,0
PAU1,0,0
IMA4,0,0
NA,0,0
APQ13,2,2
NA,0,0
NA,0,0
PAU16,0,0
RPC25,382,382
SLD2,203,203
NA,0,0
TCD2,621,621
NA,210,210
GCN3,450,450
TRM2,513,513
NA,0,0
PAU18,0,0
RRT7,0,0
NA,0,0
TAR1,0,0
NA,0,0
NA,0,0
ASP3-1,0,0
NA,0,0
NA,0,0
ASP3-2,0,0
NA,0,0
NA,0,0
NA,0,0
ASP3-3,1,1
NA,0,0
NA,0,0
JIP3,4,4
NA,2,2
NA,0,0
NA,2,2
YRF1-5,0,0
PHO84,0,0
NA,0,0
NA,0,0
NA,0,0
NA,0,0
NA,0,0
LDO16,0,0
YRF1-6,0,0
NA,0,0
NA,0,0
NA,0,0
NA,0,0
NA,0,0
PAU20,0,0
NA,0,0
NA,1,1
VAM10,0,0
NA,0,0
NA,15,15
NA,0,0
NA,0,0
FYV12,8,8
NA,24,24
NA,0,0
PUS7,439,439
DSE3,604,604
NA,0,0
PAU21,0,0
YRF1-7,1,1
PAU22,0,0
NA,0,0
NA,0,0
GAL4,0,0
NA,387,387
ECM23,0,0
NA,0,0
NA,0,0
NA,0,0
NA,0,0
NA,0,0
AI5_BETA,0,0
ATP8,0,0
ATP6,2,2
COB,1,1
VAR1,0,0
NA,0,0
NA,13,14
ECM21,611,612
KTI11,154,155
NA,3,4
DAD3,246,247
GEX1,0,1
HMLALPHA1,0,1
CTR86,263,264
NA,0,1
NA,13,14
NA,1,2
PSF1,281,282
NA,19,20
NA,0,1
CBS2,392,393
RAD30,381,382
IRC4,66,67
YRF1-1,1,2
NA,5,6
NA,42,43
LSM4,451,452
PAU5,37,38
NA,0,1
TOS2,548,549
NA,4,5
NA,1,2
NA,1,2
NA,0,1
TAD2,157,158
NUP85,707,708
OSM1,874,875
NPA3,718,719
HXT16,0,1
TRZ1,354,355
NA,0,1
YRF1-4,15,16
RRN11,94,95
MIN3,27,28
NA,1,2
NA,5,6
PRM1,245,246
NA,2,3
NA,26,27
NA,260,261
NA,4,5
MRX21,702,703
AI3,0,1
BI3,0,1
COX2,0,1
NA,8,10
GEM1,293,295
ATS1,406,408
CDC15,262,264
NA,3,5
NA,2,4
PPS1,635,637
MATALPHA2,1,3
PWP2,481,483
RDI1,849,851
FAD1,453,455
NA,323,325
RAV2,556,558
UBX5,656,658
NA,22,24
NA,8,10
CGR1,208,210
NA,2,4
NA,9,11
OTO1,8,10
NA,0,2
MAL12,133,135
IPI1,152,154
NA,17,19
SPL2,8,10
ZRT3,2659,2661
NA,584,586
NA,0,2
RNH203,265,267
MEC3,365,367
ATG17,253,255
NA,0,2
NA,5,7
NA,10,12
NA,47,49
NA,10,12
RFC4,373,375
NA,26,28
NA,2,4
NA,4,6
NA,0,2
ELP4,516,518
RRG8,11,13
BI4,0,2
BI2,0,2
MST28,105,108
ORC2,342,345
FYV5,9,12
RDT1,287,290
NA,8,11
NA,0,3
LCP5,238,241
RRT5,2,5
PAU11,5,8
NA,25,28
TFC4,430,433
PUP2,1750,1753
SAY1,403,406
NA,14,17
PXP3,8,11
NA,2,5
NA,9,12
CDC23,280,283
NA,2,5
NA,58,61
BCK1,295,298
NA,3,6
URA6,758,761
NA,6,9
NA,1,4
NGL3,89,92
CTK3,212,215
NA,5,8
MIN4,24,27
NA,4,7
CIK1,181,184
FKS3,262,265
PLS1,13,16
NA,30,33
COQ2,871,874
NA,12,15
NA,20,23
NA,5,8
IRC13,0,3
NA,13,16
NA,4,7
NA,7,10
AI1,3,6
MDM10,292,296
NA,77,81
APL3,474,478
NA,7,11
DUG2,437,441
NA,38,42
PAU24,2,6
CDC50,454,458
AHK1,517,521
RPC11,378,382
MGP12,363,367
NA,465,469
ECM11,12,16
NA,6,10
NA,20,24
NA,12,16
NA,47,51
NA,0,4
NA,7,11
BUD20,406,410
PDC5,149,153
DPH6,225,229
NA,409,413
NA,0,4
RPN13,905,909
USA1,667,671
SRT1,45,49
AIF1,335,339
MET22,1001,1005
NA,3,7
KAP120,578,582
LEC1,488,492
GLD1,372,376
NA,3,8
PTC1,365,370
NA,8,13
RRG1,214,219
NA,30,35
NA,21,26
NA,3,8
COS4,60,65
NA,1,6
NA,28,33
TIP20,381,386
LCL3,308,313
NA,9,14
BUB1,189,194
AZR1,320,325
GEP4,587,592
CIA2,686,691
NEO1,701,706
VTH2,17,22
NA,10,15
SWD2,378,383
PPR1,147,152
NA,2,7
PET309,216,221
SWC7,9,14
RAD33,300,305
NA,3,8
PHO23,288,293
SDD3,867,872
DFR1,324,329
COX1,0,5
AI2,13,18
NA,9,15
RER2,409,415
QRI1,474,480
PRP11,197,203
HED1,24,30
DAS2,226,232
PAU10,0,6
SHO1,635,641
ULI1,114,120
PEX14,363,369
NPY1,472,478
DPC13,280,286
NA,222,228
TOM71,603,609
STB5,488,494
NA,4,10
YIA6,403,409
SPC1,269,275
ECM27,397,403
CBT1,315,321
NA,8,14
NA,5,11
IRC19,251,257
LMO1,220,226
MAS1,920,926
PSY3,156,162
NA,72,78
NA,54,60
NA,6,12
TRS33,466,472
NA,240,246
NA,2,9
DTR1,59,66
HPC2,396,403
EFM2,198,205
NA,6,13
SAS10,444,451
HEM25,182,189
PDS1,280,287
NA,7,14
HNT2,392,399
SSN2,373,380
ZIP2,29,36
SNT2,231,238
WSS1,230,237
RPI1,310,317
SLM1,851,858
NA,685,692
REC107,433,440
NA,12,19
NA,14,21
NA,17,24
MIM2,372,379
BET5,299,306
UBX4,516,523
MDJ2,60,67
ELA1,197,204
RPO31,667,674
NA,705,712
NA,74,82
POA1,309,317
RSA4,243,251
NA,108,116
HEM13,578,586
PLP1,201,209
NA,8,16
VHR2,265,273
RPN11,1247,1255
NA,474,482
GIC1,390,398
CTF8,149,157
CSM2,90,98
EST3,332,340
INA22,207,215
NA,34,42
CCT3,1278,1286
NNF1,195,203
CMC1,432,440
PAN3,577,585
VPS63,0,8
ANY1,560,568
NA,49,57
SCS7,2034,2042
YSP3,702,710
DNL4,365,373
VIK1,257,265
CIP1,269,277
NUT2,188,196
OLI1,2,10
ATG14,319,328
APD1,1406,1415
SHG1,98,107
VMA9,952,961
GPI8,409,418
VAM7,138,147
NA,15,24
ENP2,434,443
NA,9,18
MCO14,27,36
DIA4,159,168
RRF1,207,216
HXT8,57,66
RAD7,368,377
UFD4,979,988
NFT1,124,133
GTT2,379,388
POM34,619,628
SEC65,612,621
PPG1,454,463
NA,25,34
TOM6,1270,1279
NA,552,561
DGA1,914,923
PAC1,171,180
CBC2,592,601
TFC8,351,360
THP3,350,359
OPT2,191,200
SPC72,176,186
SHE1,112,122
UBX7,633,643
BUD5,186,196
NA,42,52
NHP2,905,915
DUN1,328,338
BUG1,746,756
NUR1,369,379
BST1,448,458
PUS2,201,211
IMO32,293,303
UFD1,750,760
NA,11,21
PIG2,541,551
RCY1,243,253
PRP21,255,265
ATP12,393,403
ASG7,248,258
IME1,143,153
SLX4,288,298
VID22,397,407
NA,77,87
MVP1,474,484
NA,138,148
NA,65,75
HHT2,9261,9271
SEC12,384,394
NA,87,97
NA,63,73
IPL1,82,92
INA17,351,361
NA,20,30
BRN1,28,39
NA,89,100
RKM4,283,294
UTP6,267,278
HEM14,148,159
NA,46,57
RGD2,428,439
AUA1,26,37
RAI1,445,456
NA,1,12
SYF2,110,121
NA,18,29
NA,739,750
UTP25,373,384
JJJ2,181,192
SSH4,817,828
SMY1,478,489
NA,13,24
ADY4,302,313
MMS22,300,311
SPO77,55,66
NA,7,18
GAL80,690,701
MUB1,285,296
TRS130,284,295
NA,48,59
NA,50,61
NA,13,24
SPR2,10,21
NA,72,83
PRM9,104,116
PEP7,273,285
SPR6,420,432
NA,33,45
TAF6,721,733
ISY1,281,293
CFT2,369,381
SMD2,251,263
SAS2,417,429
DML1,294,306
ALF1,181,193
RPL9B,6656,6668
NA,262,274
PSH1,347,359
SIA1,378,390
MOD5,516,528
YPK9,540,552
BBP1,187,199
EEB1,525,537
GRX5,1203,1215
NA,608,621
PEX34,388,401
BUD31,66,79
FAL1,86,99
ATG31,300,313
VPS54,482,495
NA,218,231
PEX29,900,913
NA,320,333
NA,100,113
COS6,2729,2742
AHT1,21,34
LIN1,179,192
DNA2,225,238
NA,81,94
POG1,363,376
YMR1,289,302
RAD10,118,131
FAR8,585,598
CAF40,675,688
APC1,328,341
PPM2,41,54
NA,65,78
TFB2,242,255
UBS1,408,422
SNF5,286,300
CHA1,46,60
SPB1,444,458
RAD18,204,218
NA,133,147
NA,142,156
PES4,60,74
PRP31,248,262
NA,87,101
BCD1,206,220
NA,35,49
RRP3,464,478
VHS2,679,693
NA,8,22
CDC6,190,204
SET2,440,454
LCB3,642,656
DBP7,230,244
NUP133,579,593
BMT6,116,130
GAL2,87,101
PRP39,346,360
PEP5,286,300
PHO91,861,875
AAD15,33,47
HEM4,261,275
MRX4,278,292
SEN34,231,246
ATG12,204,219
SRB8,199,214
NA,47,62
YSP2,559,574
ATP22,853,868
MUS81,277,292
ERP6,904,919
SMT1,274,289
RPC17,192,207
VPH2,334,349
VPS34,420,435
RSC2,308,323
PML39,440,455
NA,423,438
CSM3,295,310
MLH1,345,360
UBP8,231,246
HER2,274,289
PEX17,201,216
NA,16,31
NA,197,212
SLX1,466,482
NA,72,88
PCL9,513,529
AGE1,677,693
PEA2,260,276
NA,1,17
ATG32,819,835
NA,48,64
NA,76,92
KKQ8,411,427
FMP25,610,626
NA,17,33
MRPS8,299,315
DSS1,209,225
BOR1,234,250
CMR2,430,446
YRR1,495,511
PHR1,227,243
NAN1,649,665
STU1,231,248
FRM2,17,34
CSS2,219,236
MIP6,48,65
RRM3,239,256
GGA2,1255,1272
TDA11,241,258
STS1,561,578
NA,238,255
PMU1,394,411
TAF8,396,413
NA,29,46
NAT4,15,32
OAZ1,389,406
NA,519,536
POP5,247,265
CNM1,330,348
NA,438,456
NA,63,81
NA,17,35
NA,10,28
THI74,520,538
IES5,551,569
NA,23,41
GNA1,457,475
VPS62,914,932
NEL1,125,143
PRP8,292,310
MNT3,721,739
RPA34,472,490
NIT2,294,312
NA,898,916
BFA1,76,94
PUF3,139,157
SOF1,355,373
HRT3,684,702
SEN2,346,364
MDL1,781,799
NA,122,140
RCM1,348,366
ESF2,169,187
MSC6,669,687
RTT10,473,491
NA,127,145
VPS8,622,641
NA,44,63
SAC6,2937,2956
MFB1,389,408
GGA1,552,571
NA,45,64
GTR2,502,521
MGA1,41,60
ALY2,691,710
HIT1,110,129
BUD2,232,251
NA,62,81
NA,14,34
MRX10,279,299
SDC1,330,350
MZM1,280,300
FAR7,268,288
PDR1,570,590
NIT1,452,472
NA,358,378
FAF1,159,179
MND2,143,163
NA,567,587
NA,103,123
TRI1,243,263
NOP8,170,190
REC8,135,155
PBY1,668,689
SHE3,317,338
RRP43,492,513
RRI1,204,225
SNX41,358,379
GMC1,283,304
SNO3,79,100
EMP47,1240,1261
FMP32,356,377
FZF1,397,418
SAP4,115,136
SLX9,309,330
NA,230,251
FKH1,411,432
EFM4,577,598
ULP2,193,214
EMC5,877,898
RPR2,162,183
ASK1,374,395
IRS4,191,212
NA,329,350
INP2,309,330
SWT21,207,228
INO4,393,414
SKI7,296,317
DDP1,555,576
PLP2,352,373
NTO1,342,363
ISW1,498,520
SNF3,543,565
TAF10,495,517
NA,6,28
RMD5,301,323
NHX1,1883,1905
MOB2,330,352
SMX2,300,322
CDC26,170,192
MND1,29,51
SKI6,342,364
MUP3,736,758
NA,540,562
RSC58,546,568
CDA2,5,27
FAR3,254,276
SGS1,199,221
SQS1,248,270
NA,247,269
BUD21,409,431
NA,245,267
CIN1,399,421
NA,73,95
FMT1,39,62
MAK5,294,317
AIM4,200,223
NA,647,670
MRX16,296,319
SCC2,172,195
HLR1,293,316
NSA2,405,428
DCV1,72,95
BRR6,308,331
NNF2,594,617
PHB1,1944,1967
RRP4,570,593
MDM31,495,518
NDC80,369,392
SNP1,137,160
INP51,541,564
SPH1,274,297
MFT1,288,311
TRM9,193,216
MSS11,348,371
TAF9,757,780
NA,63,86
SLZ1,112,135
MED7,210,233
HMI1,184,207
BTS1,195,218
NOP4,419,442
GRS2,492,515
DPB4,234,258
ECM18,228,252
DDI3,43,67
SDA1,394,418
MSR1,435,459
MPP10,610,634
TOR1,413,437
HYM1,423,447
APL2,1109,1133
APC9,287,311
PDR8,625,649
MRPL15,525,549
NMA1,1037,1061
TAF11,356,380
RSF1,366,390
TMA23,112,136
SWT1,339,363
YSW1,151,176
NFS1,1377,1402
PTP1,252,277
SDH6,601,626
RAD23,1355,1380
YPT1,3676,3701
VSB1,736,761
TDA3,975,1000
TAX4,243,268
GEF1,464,489
VPS25,379,404
NA,164,189
NA,24,49
ECM19,250,275
MLO1,302,327
NA,461,486
IES2,348,373
RPC31,390,415
MIM1,565,590
PHO85,1022,1047
NAT3,385,410
MSI1,317,343
SGF29,336,362
STP22,337,363
PRM7,82,108
SNA2,288,314
PMC1,1572,1598
ATF2,290,316
TRL1,157,183
CHM7,305,331
POL32,176,202
LDB18,547,573
YEH2,396,422
YSH1,418,444
SMA2,257,283
SEC59,443,469
SSU72,325,351
ALR1,709,735
TMA46,612,638
KES1,2150,2176
SUV3,279,305
MRPL51,44,70
PRP9,318,345
TGL2,336,363
TFB1,352,379
MF(ALPHA)2,78,105
YBP2,296,323
RNA15,347,374
MSH1,247,274
LSM8,76,103
NA,429,456
BAS1,299,326
UTP14,403,430
ECM16,338,365
FSH2,583,610
SIP3,477,504
COS10,70,97
REX4,76,103
ENV9,820,847
RBL2,248,275
GUP2,59,86
NOP53,430,457
RDS3,214,241
PZF1,150,177
NA,182,210
SRO77,336,364
MRPL37,346,374
GAL3,320,348
NA,114,142
CHC1,914,942
SSP1,38,66
TIR3,73,101
RSM7,703,731
LAS1,340,368
YPT53,302,330
MCH5,361,389
SCO2,321,350
FUS1,139,168
PMT5,561,590
LUC7,86,115
DOA4,358,387
HPT1,3672,3701
VMA8,1337,1366
TSC11,315,344
SWI4,328,357
RPO41,710,739
MSH4,131,160
IRC7,148,177
GEP7,247,276
DAM1,537,566
TRS65,397,426
ERP5,1013,1042
POL31,566,595
DGR2,377,406
SPC42,264,293
POP3,162,191
MRP35,320,349
MPC54,96,125
NA,24,53
SOG2,392,421
JID1,270,299
CNE1,369,399
FAT1,873,903
TYR1,458,488
COS7,322,352
SEC5,703,733
LPP1,343,373
NUT1,465,495
SLD3,251,281
YPP1,554,584
ZPR1,1016,1046
YRA2,485,515
TOR2,327,357
SWI6,463,493
CQD2,520,550
MCM5,680,710
DUS4,425,455
RNT1,147,177
RRP6,613,643
VHS3,511,541
NA,52,82
KAR9,210,240
SPC29,99,129
ERI1,307,337
PET112,258,289
KIP1,163,194
NA,40,71
LDB17,336,367
PHM8,367,398
PCL10,846,877
VPS51,264,295
NA,243,274
GAT2,1278,1309
ZIM17,230,261
WHI5,54,85
THI72,115,146
RRS1,597,628
AMF1,165,196
NA,978,1009
CSA1,183,214
NA,40,71
DFP2,12,44
NA,383,415
CWC2,230,262
UGX2,408,440
RTT103,266,298
PKH1,620,652
BIM1,306,338
CWC22,303,335
MCM10,52,84
GYP6,751,783
NA,119,151
AIM26,85,117
ENT4,116,148
SDO1,243,275
GEP5,202,234
FEX1,89,121
ACM1,162,194
OYE3,143,175
NA,214,247
SLI15,176,209
SDH8,1720,1753
MSH3,295,328
QRI7,238,271
TLG1,440,473
DOT5,519,552
COX16,360,393
CCE1,281,314
DRS1,458,491
RTT109,206,239
UBR2,296,329
BUR2,212,245
BNA5,1072,1105
NA,84,117
PRP24,147,180
CWC25,305,338
ATG2,351,384
NA,232,265
DSC3,303,336
MTW1,159,193
GID12,281,315
CMR1,123,157
SWR1,482,516
CDC40,389,423
RRP17,291,325
PLM2,268,302
PAC2,236,270
MRH4,148,182
PAC10,166,200
AAP1,487,521
TMA108,923,957
NA,376,410
COS5,225,259
PRR1,452,486
SAP190,804,838
PXL1,359,393
MTF1,227,261
MID1,483,517
TFC7,351,385
MIP1,426,460
BEM3,415,449
HOB2,467,501
RBP95,248,283
RAD57,694,729
GIR2,473,508
EAT1,386,421
SSF1,330,365
LAM4,640,675
IST3,171,206
MRS3,484,519
SAP185,466,501
RTT101,285,320
VBA1,1964,1999
NUP53,585,620
SSK2,343,378
FPK1,205,240
PUL3,74,109
PKH2,814,849
MRPL23,644,679
MLH3,414,449
FHL1,301,336
APN2,445,481
RDS1,151,187
NUM1,859,895
GCD6,915,951
DOT1,318,354
SCC4,394,430
CAK1,478,514
NSA1,427,463
SPC105,389,425
APL6,503,539
ORC6,198,234
DPB11,313,349
NFU1,595,631
VPS13,549,585
RFU1,209,245
BOS1,514,550
SLS1,163,199
FAR10,243,279
STB2,312,348
RRN9,379,415
RPD3,959,995
RFC3,451,487
MER1,137,173
SSN8,341,377
YGK3,164,200
NA,481,517
RFM1,147,183
LCL1,123,159
LTE1,143,180
NUP170,522,559
NA,76,113
KCS1,528,565
GRX3,981,1018
SPO71,313,350
SPG3,87,124
HAT2,515,552
EAF5,252,289
SLX8,318,355
CMK1,1152,1189
TAD1,329,366
UPF3,374,411
CYR1,616,653
PCC1,184,221
RKM5,308,345
NAM7,786,823
FKH2,321,358
NA,246,283
CYC2,457,494
RTS2,141,178
ELG1,210,247
HAP5,320,357
DSS4,265,302
FLR1,567,605
RAD34,166,204
NA,2090,2128
RAD24,441,479
PAN2,499,537
CLB6,70,108
SHU1,165,203
VMA10,1577,1615
CHS6,393,431
YJU2,159,197
NA,249,287
MDM1,499,537
UFO1,510,548
RPL6A,5352,5390
CRT10,408,446
AHC1,955,993
RDR1,348,386
MOT1,297,335
ATG11,497,535
AAR2,90,129
RIF1,414,453
VAC17,240,279
TVS1,418,457
HST4,171,210
MMS21,84,123
NCS6,550,589
YRB30,329,368
TRK2,460,499
SFI1,472,511
LOT6,217,256
NA,341,380
CRR1,157,196
SNO2,68,107
FYV6,218,257
FEX2,79,118
PHO3,412,452
AGP2,406,446
NHP10,421,461
SAC3,352,392
KRE28,285,325
RME1,1143,1183
DCD1,154,194
ATG7,360,400
NA,225,265
NA,351,391
MDM35,443,483
YSF3,248,288
MRX15,218,258
FUN26,697,738
NUP60,494,535
SAS3,414,455
EXO84,323,364
CCZ1,153,194
NOP14,406,447
PEX7,505,546
YCG1,350,391
ERJ5,738,779
SEC15,385,426
LSG1,415,456
ALG2,455,496
PRP18,110,151
KOG1,293,334
STE18,470,511
TPO1,395,436
GUF1,177,218
ORC1,297,338
TEM1,329,370
PAH1,474,515
LTO1,233,274
SLD7,149,190
PNO1,931,972
LTP1,546,587
THI2,218,260
MTC4,271,313
GIM4,451,493
SRB4,375,417
ILV1,2582,2624
NIC96,628,670
TAN1,398,440
MCO32,108,150
SPR3,54,96
YAP3,290,332
PRK1,274,316
EGH1,287,329
MNN11,1187,1229
YKU80,203,245
GYL1,267,309
ROY1,780,822
SAP30,170,212
MRPS18,880,922
SKO1,573,615
INN1,309,351
GSH2,849,891
PFA4,555,597
GCD1,826,868
PLC1,293,335
GYP5,310,352
ERT1,147,190
GPI17,948,991
MRPL28,464,507
BCK2,806,849
USE1,281,324
SNF6,646,689
SOP4,1175,1218
PET130,421,464
UTR1,594,637
OSI1,313,356
NA,17,60
TOP3,110,153
NBP1,248,291
LFT1,59,102
UNG1,226,269
UBC7,808,851
ATR2,177,220
NA,65,108
LRO1,424,467
NA,370,413
AZF1,437,480
ARP8,562,605
KIN4,385,428
CYC3,995,1039
NCL1,766,810
NA,448,492
MRX9,1022,1066
MSC2,549,593
BOI2,618,662
XRN1,1544,1588
PUS6,206,250
RTT102,294,338
IME2,201,245
GRR1,372,416
MBR1,1825,1869
TOS4,507,551
YKE2,211,255
CWC24,196,240
RPT4,1638,1682
SGF11,353,397
LRE1,447,492
RPA14,345,390
SPC110,303,348
RAD3,519,564
BUD13,120,165
SAM35,630,675
LOG1,1531,1576
NA,75,120
NA,285,330
MNR2,1060,1105
NA,49,94
IBD2,338,383
DIS3,583,628
CET1,421,466
TGS1,328,373
RAD1,612,657
NA,280,326
SPP381,75,121
CSH1,424,470
RSC6,391,437
HCM1,333,379
AAD4,347,393
RPN5,1501,1547
PUF6,473,519
RMD6,437,483
NA,458,504
OXP1,444,490
DUS1,267,313
NA,502,548
MRX7,84,130
ESC8,299,345
MSY1,299,345
ELP3,460,506
SRL4,8,54
BUD23,343,390
RAD59,368,415
USO1,352,399
RPT2,1620,1667
VPS52,255,302
FIR1,448,495
MNT2,734,781
TYW3,383,430
DBF2,506,553
SHY1,396,443
LAM1,431,478
SDS3,152,199
NA,386,433
MRE11,334,381
TRF5,221,268
RRG9,291,338
PGA1,445,492
NFI1,288,335
SNX3,581,628
PDE2,390,437
MFM1,234,281
URN1,235,282
SYN8,524,572
SEC18,922,970
CNS1,233,281
MRPL32,319,367
NA,400,448
PHO2,316,364
POL3,300,348
FIN1,271,319
LRS4,201,249
PET122,34,82
KSS1,328,376
NA,170,218
SLH1,314,362
BIG1,452,500
CKA1,869,917
SWE1,432,480
HCA4,453,501
ERG27,1569,1617
CDC45,242,290
NA,1724,1772
SPP1,342,390
HIR1,308,357
RAD16,186,235
MUD1,420,469
YEN1,500,549
SAP1,474,523
NA,314,363
RAD54,246,295
MED6,196,245
SET5,292,341
TTI2,258,307
VPS24,420,469
KIN2,403,452
AIM32,282,331
MGS1,202,251
NPR1,965,1014
NA,249,298
RPL3,15076,15125
NSL1,148,197
NOP6,519,569
NA,199,249
EMP65,321,371
ALR2,237,287
MTR4,424,474
APS2,595,645
TEX1,476,526
NA,429,479
MSH2,469,519
FSF1,1307,1357
RDL2,889,939
MRS2,181,231
SSN3,398,448
SRO7,273,323
ATG13,613,663
LAA2,171,222
PEX19,538,589
NA,189,240
YND1,574,625
PRP22,242,293
NA,23,74
MVB12,252,303
CFD1,331,382
MIN9,122,173
NA,265,316
ARG80,467,518
RCO1,216,267
CNM67,424,475
RVB2,754,805
SKT5,422,474
PHO5,385,437
SFA1,1931,1983
NA,129,181
CFT1,333,385
FAB1,350,402
NBP35,365,417
RNH70,391,443
AIM25,471,523
RMA1,108,160
RMP1,191,243
OGG1,107,159
SPC24,117,169
FDO1,257,309
RTC4,259,311
TLG2,567,619
HIR2,308,360
VAM3,187,239
CIM1,195,247
PRT1,1819,1871
PFF1,616,669
CBP6,363,416
SWC5,187,240
IMG2,286,339
CDC7,161,214
NA,451,504
PHM6,27,80
RSM18,514,567
SAE2,29,82
GLG2,529,582
APN1,532,585
PTR2,204,257
HRD3,507,560
SPS18,124,177
PMS1,283,336
SPO21,140,193
NTG2,271,324
FUN19,781,835
SEA4,329,383
YEL1,324,378
ECM2,146,200
EXO5,424,478
ECM31,290,344
MRPS5,448,502
CDC13,252,306
MRX19,260,314
HRQ1,387,441
ISD11,758,812
MAL13,328,382
NEM1,665,719
SPC97,183,237
ICE2,961,1015
MET28,873,927
OSH6,678,732
NRS1,287,341
RSA3,429,483
MDG1,1378,1432
ATG3,489,543
MRS6,1570,1624
RXT2,330,385
RVS161,1194,1249
PET18,438,493
NA,228,283
SAN1,615,670
PDR15,840,895
TRS120,425,480
PIH1,214,269
TRM5,286,341
NVJ1,678,733
CBP1,224,279
BIT61,179,234
RSM26,643,698
MET1,953,1008
NA,551,606
PSO2,298,353
CVM1,390,445
ATM1,498,553
PUL4,101,156
MDM20,207,262
MSA1,317,372
PNT1,224,279
RPC82,381,436
MMS4,445,501
VBA2,1022,1078
OST4,767,823
TFC6,629,685
MAK10,356,412
FCY22,63,119
UBP9,278,334
BUD9,595,651
RAD26,247,303
RFC2,530,586
STB6,289,345
CDC16,514,570
NMT1,767,823
NTE1,403,459
RTG1,148,204
VTS1,291,347
YAR1,678,734
ARO7,209,265
LDH1,640,697
TRM1,644,701
NA,284,341
NUP42,427,484
NA,153,210
HHY1,61,118
MRPL25,389,446
OTU2,242,299
SET1,476,533
SMN1,291,348
AIM20,380,437
MSB3,469,526
DSL1,584,641
GIM3,282,339
PRP2,267,324
SHR5,1217,1274
NUF2,155,212
MGE1,1077,1134
AIR2,277,335
PRP42,418,476
HKR1,454,512
COG3,426,484
DEG1,269,327
MTR3,409,467
VTC4,925,983
MIF2,162,220
NA,239,297
RIT1,240,298
PBR1,397,455
BUD17,191,249
NA,699,757
TAH18,327,385
SWH1,540,599
TAF2,481,540
RRT12,486,545
CDC48,4320,4379
CWC15,292,351
PKH3,686,745
UGO1,616,675
CIN8,278,337
NA,129,188
VIR1,601,660
CCM1,376,435
URA8,1162,1221
NA,453,512
RGR1,418,477
EMP46,378,437
ROM2,697,756
VAC14,381,440
CTF18,486,545
RIM13,225,284
TOM22,1488,1547
CSE2,190,249
MNT4,502,561
SHP1,1348,1408
UBP14,716,776
SRB6,307,367
NA,293,353
NUS1,523,583
SLY1,641,701
BFR2,388,448
AIM10,307,367
IGD1,1075,1135
APM2,421,481
SPO12,270,330
COX19,234,294
GIS3,316,376
PEP3,333,393
RFX1,169,229
RED1,162,222
ATP25,400,460
BCH1,843,903
NA,375,435
MTQ1,415,475
CKA2,915,975
SYC1,265,325
MKK1,453,513
BRO1,723,783
NA,70,130
UBX3,664,725
REF2,451,512
RKM2,342,403
RQC1,617,678
MRPS28,427,488
URC2,380,441
ECO1,89,150
FLC3,770,831
COA3,912,973
MMM1,246,307
SMC6,252,313
WAR1,476,537
INP52,294,355
TGL5,840,901
SPP2,586,647
MIX23,389,451
RRN6,249,311
QDR3,1003,1065
NA,116,178
CRD1,380,442
MTF2,196,258
IRC3,382,444
SYF1,282,344
CNN1,218,280
GUP1,1169,1231
SWC4,317,379
PTH1,114,176
EMC2,669,731
MSA2,594,656
QRI5,535,597
BUD6,284,346
SFH1,449,511
DFG5,1972,2034
COG6,489,551
REV1,621,683
MSD1,362,424
AXL1,655,717
MRP2,491,553
ATG42,2581,2644
RIM2,374,437
RMD1,287,350
CEM1,229,292
SEC27,1591,1654
CDH1,631,694
CPR2,1469,1532
VPR1,336,399
PRI2,580,643
PRP16,360,423
RIC1,422,485
NA,198,261
FAR11,289,352
RNH201,323,386
OAF1,479,543
YIH1,603,667
ADY3,206,270
SKN7,673,737
STH1,667,731
CST6,828,892
MRPL49,445,509
SNU114,409,473
TTI1,336,400
GIS4,246,310
DAL82,270,334
KEX2,577,641
TIM23,2128,2192
SNU66,178,242
HFI1,341,405
PCL8,180,244
SNF8,548,612
STE50,374,439
YOS9,488,553
HPR1,360,425
TLD1,556,621
HEH2,573,638
VPS20,190,255
DNF3,544,609
RNA1,1017,1082
EOS1,842,907
KTR5,443,508
DBP5,935,1000
NA,199,264
PEX25,694,759
BRE1,655,721
YAP6,253,319
MRX1,290,356
SPT10,167,233
RCN1,260,326
DBP2,706,772
FAP1,334,400
TAF14,932,998
SIF2,507,574
VPS41,415,482
RMD8,342,409
CUE3,420,487
ROM1,766,833
NA,202,269
FIP1,405,472
UIP5,523,590
INP1,264,331
CAT8,524,591
MSE1,184,251
NOB1,532,599
GPX2,245,313
BIT2,295,363
MSS4,878,946
COX20,1154,1222
MSW1,232,300
GLN3,320,388
ICP55,284,352
ITC1,554,622
NA,1120,1188
SNU71,301,369
RRP14,496,564
SRL2,313,381
CLB4,117,185
TDA9,628,696
COA6,403,471
HSH155,226,294
OCA1,686,754
NRM1,246,314
POP2,853,921
CEX1,500,568
SGV1,405,473
GIP4,492,561
RAD28,258,327
NA,307,376
TDA2,326,395
CDC14,683,752
DRN1,349,418
ESL1,612,681
EXO70,384,453
NOP9,254,323
FRE7,297,366
LOA1,626,695
MYO4,480,550
AVT5,511,581
PUS9,251,321
SWF1,345,415
GEA2,428,498
CBF2,295,365
HSK3,312,382
MRPL31,413,483
MUD2,327,397
PFS2,258,328
YPT11,218,288
RUD3,263,333
MKK2,472,542
ALK2,379,450
ROT2,974,1045
NA,269,340
FCY21,243,314
COS12,108,179
HUL5,429,500
NOP19,174,245
AEP2,469,540
STB1,237,308
BUB3,424,495
PMT3,430,501
AGC1,590,661
SAW1,282,354
DSF2,180,252
EDS1,417,489
MCM7,1003,1075
PTC2,1061,1133
QDR1,285,357
HIS6,202,274
MCO12,314,386
BYE1,712,784
YPK2,1256,1328
NA,218,290
CDC24,625,698
SPT7,463,536
PRP5,393,466
MRPL27,300,373
ENT5,499,572
HAP2,418,491
HOS2,176,249
SFP1,815,888
NA,366,439
SLK19,308,381
DDC1,141,214
TRM44,287,360
SNT309,368,441
PDC2,460,534
ARH1,506,580
MDS3,891,965
TOS3,147,221
CDC43,412,486
NA,537,611
BNR1,131,205
MAD3,376,450
LCL2,582,656
EUC1,208,282
NA,313,387
NA,252,326
NA,170,244
LST8,811,885
HDA3,311,385
AGP1,449,524
NA,838,913
EAF1,404,479
YCK3,468,543
VFA1,187,262
BUD27,261,336
MAD1,318,393
PDX1,748,823
GCN5,624,699
VLD1,125,200
SED5,360,435
MSS1,317,392
MGL2,345,420
PUS4,219,294
ASI3,812,887
CBP3,735,810
DRS2,501,577
MRX18,1636,1712
CDC10,1252,1328
THI3,510,586
HEL2,507,583
NA,236,312
SER2,363,439
LEU5,315,391
ARP1,234,310
SEC6,426,502
SSK1,662,738
NFG1,425,501
MSL5,251,327
VPS9,257,333
RIM9,123,199
NOG2,325,401
DNF2,509,586
SEC7,712,789
RIB3,1559,1636
NOP16,475,552
VID28,761,838
CBF1,691,768
MAK11,507,584
STU2,438,515
MLO50,380,457
DAT1,218,295
AVO2,211,288
DIA1,246,323
JJJ1,390,467
NSG2,1252,1329
TOM5,733,810
NA,533,611
MET8,121,199
NA,549,627
ECM10,323,401
SMC1,395,473
VRG4,1308,1386
GPA1,488,566
JEM1,326,404
MRPL20,388,466
SFB2,402,480
LDB7,642,721
GLE1,585,664
RRP45,575,654
BRR2,334,413
YFH7,243,322
RET2,1254,1333
YLF2,240,319
PTK1,485,564
DHR2,66,145
ZDS2,310,389
REC114,390,469
PIK1,715,794
CSL4,554,633
PSY2,335,414
KAR1,288,367
MKS1,559,638
ULS1,479,558
RDS2,424,503
PRP4,268,347
POL30,1159,1239
MRPS9,723,803
ESC2,216,296
TIF35,1301,1381
MIG2,397,477
MRPS35,454,534
HOS4,683,763
FBP26,705,785
SET3,343,423
DYN1,364,444
GLG1,875,955
HOG1,1631,1711
SIN4,392,472
RAP1,788,868
VAC7,378,458
ULP1,283,363
YMC2,272,353
TDP1,228,309
PBP2,269,350
MET6,10972,11053
SDT1,426,507
NAB2,780,861
CDC20,389,470
VPS45,474,555
LST7,447,528
YPT52,1224,1305
NA,748,829
LEU3,500,581
BUD22,310,391
MED1,253,334
ANT1,805,886
RGP1,385,467
VPS64,317,399
SPT3,362,444
CYM1,461,543
TED1,1135,1217
ARG2,557,639
MID2,707,789
COX14,644,726
IOC4,440,522
NA,1728,1810
TAF7,223,305
THO2,301,383
SIL1,308,390
UBP2,764,846
HOS3,660,742
HOS1,225,307
DBP10,662,745
MRPL1,494,577
PRP28,159,242
SPE1,431,514
RGT1,473,556
LAF1,288,371
MME1,201,284
HFA1,317,400
MRPL33,376,459
MRPS12,1711,1794
SPT20,358,441
SRP72,987,1070
COX10,384,467
NOT5,657,740
RRP15,549,632
NA,495,578
BSP1,427,510
MCM2,363,447
SLU7,228,312
PTR3,373,457
NUP49,464,548
CBP2,237,321
YPK1,1288,1372
ORM2,2226,2310
TOP2,738,822
RSB1,160,244
VPS16,372,456
SUA7,602,686
EMC1,1710,1795
CDC37,824,909
NSE3,400,485
OMS1,351,436
SPT2,336,421
UBP6,1248,1333
CUL3,335,420
BRF1,422,507
IRE1,479,564
UBP7,224,309
RPS24B,3334,3419
URA1,992,1077
PGM1,886,971
NA,585,670
SLM2,357,442
SNF12,332,417
AIM39,449,534
VPS21,868,953
ARF3,300,385
NA,781,866
BIK1,250,336
ARG82,409,495
RAD9,248,334
ERD1,422,508
NMD2,912,998
SMU2,171,257
AIM23,237,323
SMC3,212,298
APL1,742,828
LIP2,246,332
RSO55,175,261
ECM38,1241,1327
IMD4,593,679
HLJ1,355,441
PRP46,341,427
AST1,275,362
COS111,560,647
MAK32,285,372
HTL1,209,296
SLM3,224,311
ROK1,235,322
ART5,246,333
SRP21,530,617
RQT4,205,292
STP3,1766,1853
BUL2,438,525
PDS5,480,567
RNH1,312,399
MRPL50,333,420
ASE1,381,468
INP53,557,644
GIP1,149,237
REB1,705,793
NA,192,280
BRL1,223,311
THS1,2761,2849
IDS2,536,624
RAD27,522,610
MRPL13,447,535
CAF4,326,414
MNL2,494,582
PEX13,381,469
TUB3,831,919
ZNG1,419,507
RIB2,564,652
AMD2,348,437
ERG26,1111,1200
GID10,595,684
ETP1,254,343
RBH2,307,396
BIR1,378,467
MSO1,366,455
LAS17,240,329
GPN2,489,578
TDA6,169,258
MIS1,528,618
NUP145,618,708
MTE1,394,484
DID2,621,711
SIR1,307,397
SOV1,219,309
EPO1,544,634
NA,819,909
HDA1,268,358
RLP7,810,900
VPH1,3302,3392
JIP5,927,1017
KTD1,76,167
CHS3,942,1033
ZRG8,188,279
YHK8,238,329
RSC30,267,358
MOB1,655,746
HMS2,314,405
MMO1,135,226
RAD52,472,563
JNM1,269,360
CRS1,1233,1324
SMM1,240,331
PET123,614,705
GEP3,345,436
PRP45,302,394
CDC27,581,673
BUD3,322,414
SPC25,467,559
TCD1,457,549
RTT107,381,473
EST1,383,475
RGC1,856,948
CDC28,642,735
CDC53,934,1027
NUP84,611,704
MPS1,309,402
PGD1,320,413
MTG2,134,227
FMC1,203,296
AVL9,567,660
LEM3,473,566
MDY2,592,685
MGM1,428,521
APM1,488,581
RAD53,108,201
COG4,615,708
PHO89,168,262
DCC1,352,446
RPL35A,4127,4221
SRP101,796,890
CWC21,191,285
TAF1,437,531
AGE2,365,459
FPT1,618,712
MAG2,439,533
UBP16,269,363
NA,288,382
IRC15,456,550
NA,477,571
KAR3,221,315
ATG45,339,434
ECM25,443,538
APE2,2130,2225
OMA1,539,634
CDC21,358,453
THI21,310,405
OSH2,687,783
TFB3,283,379
GCD11,1423,1519
MSP1,574,670
NA,283,379
FPR4,319,415
RAX1,319,415
GPB1,211,307
RFT1,1000,1097
TPA1,727,824
LIF1,237,334
PTI1,314,411
PAN5,588,685
RSM25,279,376
RCI37,817,914
RPC37,223,320
YET2,375,472
COS1,802,899
SEC2,447,544
SDH5,707,804
CLB5,309,406
IAI11,271,369
EKI1,335,433
NA,532,630
YIP1,866,964
YUR1,364,462
ESL2,599,697
SNZ2,213,311
AEP3,253,351
RRP7,565,664
EXP1,750,849
WIP1,451,550
LSO2,393,492
TIM54,619,718
RCF1,608,707
NPL6,434,533
CTF13,227,326
MRPL44,380,479
IFM1,250,349
TCO89,485,584
CAR1,429,528
PKC1,741,841
NA,268,368
DST1,434,534
ERV1,558,658
RAX2,614,714
PSP2,155,255
HCH1,1524,1624
NA,197,297
EXO1,197,297
SPS4,103,203
GTF1,521,622
JSN1,802,903
HCS1,275,376
DCR2,422,523
SRC1,536,637
STB4,625,726
MRX6,231,332
DIA2,313,414
CCR4,860,962
ANP1,1460,1562
NA,425,527
DAL81,390,492
IFH1,339,441
LCB5,466,568
NAB3,716,818
APL4,867,969
SPN1,736,838
NA,87,189
FLO1,151,254
NA,605,708
TIM10,1978,2081
NA,429,532
CCT7,1275,1378
DID4,955,1058
SPT21,166,269
BUL1,415,518
SWS2,567,670
ARP7,510,613
YPK3,453,557
MSS2,297,401
MSH6,346,450
MCM6,427,531
SLN1,492,596
LST4,1190,1294
CAC2,363,467
VPS5,467,571
NEW1,1506,1610
VTC3,561,665
FCY1,631,735
POL12,291,396
MRP10,357,462
DOS2,581,686
PTC7,797,902
SER33,2788,2893
RNA14,808,913
SIP5,441,546
NA,161,266
IES4,315,420
ISM1,249,354
MDM30,439,545
ZDS1,205,311
IGO1,1294,1400
DDL1,229,335
DBF20,459,565
FUN30,320,427
SMP1,299,406
TAF5,557,664
POF1,340,447
SEC26,1470,1577
DIG2,235,342
CTK1,306,413
LHS1,460,567
STE11,383,490
NA,181,288
PUS1,457,564
IVY1,487,595
PHO86,1699,1807
TOF2,432,540
CSI2,404,512
PET127,286,394
SEN54,249,357
MSF1,171,279
HPA2,190,298
MNN10,901,1010
SPT15,1044,1153
CHD1,493,602
VID30,657,766
OSH3,830,939
CSS1,550,659
PXP2,281,390
SKG3,144,253
MSN2,922,1031
RIA1,513,622
TFC3,513,623
STN1,497,607
YNG2,448,558
TPK3,397,507
KTI12,291,401
SKI2,384,494
PET8,785,895
MET7,539,649
SFG1,568,678
BMS1,466,576
LEA1,356,466
HAL1,655,765
BOL3,553,664
ERV46,1843,1954
SBP1,2681,2792
NA,301,412
PIF1,404,515
SAL1,367,478
ATP23,280,391
ORC4,268,379
DPB2,148,259
YSY6,643,755
NPL4,595,707
MBP1,395,507
SAC7,608,720
SNZ3,215,327
OKP1,214,326
YAP5,284,396
EBP2,629,741
SRP40,545,657
ART10,389,501
PDL32,234,346
GCR2,827,939
YAF9,226,338
AVT4,1454,1566
VID24,284,397
MNP1,1126,1239
ECT1,545,658
MRP13,391,504
CYS4,3852,3965
ENT3,1232,1345
DOM34,367,480
RTC1,330,443
THI6,768,881
TMN3,487,601
YPT32,466,580
MSM1,272,386
GVP36,2436,2550
BLI1,446,560
SPT8,357,471
ACE2,562,676
SAS5,426,540
SEC63,1013,1127
BIL1,334,448
KCC4,264,379
STE5,476,591
KIN1,714,829
RAD4,372,487
RMD9,355,470
KIC1,449,564
NUP2,829,944
BOP3,258,373
SEC16,360,475
PDR12,344,459
GCN20,860,976
MDR1,715,831
MLP2,569,685
ATG23,369,485
RPB2,1477,1593
NOC2,540,656
RRG7,396,512
RIB7,262,379
STE7,389,506
DET1,547,664
AVT6,1299,1416
RSM23,470,587
MCY1,441,558
MES1,1531,1648
MST1,309,426
PAM18,535,652
SSP120,1213,1330
CEF1,199,316
VPS27,555,672
PAP2,280,397
LDB19,665,782
CHL1,342,459
MRPL7,434,552
ISC1,603,721
HIS2,501,619
RSC1,277,395
IRR1,488,606
CUE1,1333,1451
MRPL17,341,459
POL1,311,429
CRZ1,369,487
RIM20,517,635
SOH1,314,433
MMT1,148,267
UBP15,980,1099
NA,1279,1398
ADH5,896,1016
POL4,359,479
ARO80,306,426
PCT1,629,749
AIM22,280,400
NAM2,407,527
HOT1,298,418
NAF1,237,357
IFA38,1836,1957
AIT1,912,1033
SAS4,378,499
IRC5,438,559
CDC11,988,1109
ALG11,786,907
PIN4,828,950
SLX5,490,612
MED2,387,509
ACL4,509,631
HDA2,287,409
NA,527,649
FIT1,211,333
IOC3,455,577
SMC2,333,455
KEL2,169,291
VPS70,633,755
NDC1,864,986
ARK1,481,603
MSB1,251,373
TOS8,836,959
RSM22,306,429
MPE1,342,465
PEX12,606,729
ERG8,1262,1385
AAD14,384,507
SMT3,979,1103
HOF1,187,311
MOT3,313,437
HRT1,450,574
LAG2,334,458
KIP2,213,337
HST2,1341,1465
PSK1,964,1089
NRG1,1637,1762
LSB6,499,624
IML2,753,878
DOA1,844,969
MRP17,422,547
MSG5,672,797
ACK1,427,553
SEC3,438,564
UBP5,718,844
DNF1,813,939
PFA3,413,539
ATP11,560,686
VHC1,599,726
IOC2,422,549
MIC27,1558,1685
NA,301,428
UTP5,574,702
CLC1,1271,1399
MRP7,709,837
PET494,342,470
ITR2,624,752
SOK1,688,817
UME6,374,503
RAD6,432,561
CMI7,554,683
POM152,500,629
CAF120,461,590
LPL1,593,722
ISA2,328,457
NSI1,448,578
NTR2,423,553
ATP10,94,224
PPZ1,1092,1222
TGL3,583,713
POL2,769,899
SMC5,224,354
TCM62,434,565
SCS3,264,395
OAC1,796,927
SRX1,137,268
MSN4,415,546
ARG81,413,544
MGR3,433,564
RAT1,510,641
TOA1,560,691
GID7,721,853
HEM3,525,657
PCL2,229,361
MTO1,206,338
SMF1,1069,1201
NA,452,584
MCM4,733,865
NA,578,710
RPC53,339,472
NPP2,558,691
VHR1,487,620
YML6,551,684
YRM1,237,370
TFB4,390,523
MRPL11,405,539
NVJ3,263,397
GTB1,502,636
BCS1,499,633
VPS72,558,692
MIL1,324,458
PSR1,409,543
RFC1,557,691
HO,587,722
GCG1,384,519
NA,152,287
KRE1,1864,1999
GYP7,1032,1168
MRF1,238,374
MRPL8,478,614
YLH47,409,545
SIZ1,325,462
RBA50,309,446
ERC1,420,557
SWI3,521,658
NA,479,616
CLB3,474,612
FRE8,286,424
TAF4,683,821
NIP1,1243,1381
UBP10,683,821
ATG19,1225,1363
ORT1,326,464
ESA1,547,685
TKL1,6343,6481
TFC1,320,459
NA,206,345
MHR1,375,514
MRP1,746,885
AAN1,432,571
DRE2,861,1000
ENT1,575,715
PEF1,243,383
PAM16,515,655
MGM101,1066,1206
NTG1,297,438
TIM22,463,604
MRPL38,378,519
AAH1,464,605
CYK3,448,590
CDC4,705,847
YJU3,1774,1916
PRP40,493,635
NGL2,299,441
MSB4,593,735
TRE2,608,750
RLF2,280,422
MUM2,478,621
AIM6,1159,1302
MTC5,448,591
NA,3281,3424
TPM2,608,751
ASG1,643,786
LSM3,721,864
MRPL39,624,767
STV1,829,972
PAI3,3598,3741
MKT1,868,1011
SIN3,719,862
DPC25,393,536
ALY1,542,686
CUS1,252,396
ZRG17,480,624
MYO1,270,415
RPN10,1212,1357
YRB2,551,696
NPP1,694,840
MRPL35,588,734
PRM8,630,776
TMA22,816,962
HSL7,686,833
WSC4,140,287
FAA3,496,643
CAB3,223,370
SKA1,394,541
MRPS17,418,565
RDH54,348,496
MRP20,761,909
CMC2,492,641
RSM28,520,669
PCM1,1531,1680
ELF1,1169,1318
RTT106,570,719
KIN3,241,391
UBC4,2225,2375
VMS1,297,448
DPC29,288,439
PSD2,657,808
LSM12,532,683
SPO14,335,486
RPL15B,591,742
MRPL24,319,470
NOP2,659,810
SGT1,588,739
SLP1,351,502
BOI1,559,711
RSR1,248,400
YAP1,1340,1492
KTR4,2376,2529
GCS1,811,964
PEX5,435,588
PRO1,502,655
INO80,519,672
TIM13,534,687
DJP1,510,663
SRY1,442,595
NA,531,684
AVO1,182,335
SCD6,705,858
UIP3,1270,1424
HAP3,317,471
CHS2,739,893
MBA1,479,633
RGA2,489,643
SSO2,1033,1187
CTR9,795,949
EXG2,467,622
SRS2,388,543
MEH1,453,608
SKY1,562,717
BNI4,345,500
MMT2,482,637
IWR1,635,791
PHB2,1559,1715
FIS1,471,627
FMO1,231,388
IRC20,591,748
RPS7B,2691,2848
ARE2,694,851
MRPL40,345,502
PET20,999,1156
MRL1,402,559
FZO1,504,662
EBS1,954,1112
NA,618,776
GLN4,1154,1312
PHO87,759,918
SIR4,606,765
NA,582,741
SNT1,505,665
TRP2,1454,1614
CWC27,503,663
TIP41,242,402
CTF4,651,811
ABF1,832,993
AIM3,261,423
PCF11,460,622
SBH2,1687,1849
HSE1,760,922
PAP1,615,777
SRP54,1015,1177
MRP21,417,580
NNK1,709,872
VPS17,555,718
KTR3,1044,1208
RGT2,433,597
CAD1,325,489
LEU1,3410,3575
MRPL9,704,869
NPR3,535,700
YAP7,144,309
KRE5,392,557
YTA6,475,640
RMI1,1360,1525
DEP1,302,468
HEK2,759,925
CDC9,366,532
RML2,489,655
CUP2,312,478
SKG6,462,628
VPS1,1748,1914
MEF1,676,842
NAB6,1012,1178
MRPL22,639,805
BSC6,473,639
FUS3,395,562
EDC3,758,925
CAF16,516,683
KTR7,663,830
RPB4,1263,1430
GZF3,690,857
CNB1,1193,1360
DFP3,499,667
SSL2,773,941
NUC1,317,485
PBS2,541,709
TCB2,1179,1347
HRD1,697,865
COQ1,565,734
YFH1,582,751
RAD2,314,483
HAL5,685,854
AFB1,294,463
MRPL4,407,576
TPS3,1190,1359
SKP2,477,646
NAM9,591,760
EAP1,392,562
HEM1,1271,1442
MPH1,470,641
GLN1,7280,7451
MCH1,871,1043
GPR1,779,951
YCF1,1036,1208
SUM1,962,1134
TRK1,526,698
ASF1,390,562
CLA4,361,533
BRE5,1206,1378
MRC1,219,392
SHE9,398,571
MYO5,673,846
SIP18,13518,13691
ATG15,703,877
SHS1,539,713
TRP5,3303,3477
GSH1,1216,1390
ESS1,852,1026
SBA1,3247,3421
EAF7,488,662
RGS2,174,348
NAT2,662,837
SMC4,408,583
YOX1,829,1004
LCB4,665,840
SUP35,1465,1641
BZZ1,454,630
PRM10,208,384
MRPL3,495,671
HRB1,865,1041
HST3,429,605
RSM24,430,607
DON1,172,349
AIM9,812,989
NA,442,619
HTC1,282,459
BSD2,559,737
NAT1,754,932
GTA1,558,736
SFL1,231,409
NDD1,558,736
PBI1,279,457
NA,845,1024
MIX14,299,478
MTG1,433,612
NA,569,748
PSP1,721,901
HBS1,639,819
TAF13,559,739
CDC1,803,984
STE13,611,792
SNF2,600,781
SUR1,2536,2717
MET12,722,903
GPB2,797,979
NA,1172,1354
SUB1,566,748
APP1,785,967
RPL43A,4868,5050
SWC3,222,405
SEF1,591,774
CAJ1,848,1031
NA,537,720
RTF1,608,791
STP2,1430,1613
PIM1,942,1126
BPL1,584,768
MSS116,684,868
MET13,975,1159
PHO81,385,569
MTC1,1025,1209
CST9,271,455
SGN1,514,699
NSP1,789,974
ARP3,2644,2829
TFA2,416,601
IQG1,870,1055
TIF4632,270,456
OPI1,844,1030
GFD1,655,841
NA,310,496
EDE1,1659,1846
NA,536,723
TAF12,576,763
URA3,673,860
KEL1,504,691
DEF1,1045,1232
ESC1,411,598
MSK1,386,573
YNG1,592,779
ASM4,557,745
PAL2,1014,1202
TRM12,312,500
YPS7,1346,1535
TYS1,1704,1893
BNI5,403,592
DED1,687,876
SVL3,846,1035
RQC2,1243,1432
BRR1,400,589
NCB2,984,1174
SGF73,442,632
FYV8,430,620
HMG1,2217,2407
MED4,420,610
PRD1,1415,1606
RBS1,358,549
TAM41,1371,1562
DBF4,521,713
NA,669,861
MRPS16,599,791
GCD2,593,786
RSM27,487,680
MAM33,712,905
ARP4,807,1000
NUP100,499,692
RIB1,647,841
MIT1,1218,1412
REX3,605,799
CDC5,482,676
SDD4,542,736
MAP2,1007,1202
NOT3,577,772
NA,314,509
RSM19,412,607
LGE1,448,643
SPT6,895,1091
COY1,475,671
RRN3,599,795
SPA2,524,720
PEP12,953,1149
RFA1,862,1059
AKL1,578,775
STB3,526,723
AFG1,1077,1274
SRM1,671,868
NA,124,321
BEM1,480,679
ASF2,811,1010
CYT2,595,794
NA,506,705
RTS1,1039,1238
MNE1,458,657
MRP51,770,969
HIS1,2610,2810
RIM4,688,888
COX17,311,511
NA,2331,2531
FMP30,266,467
GBP2,1359,1561
LAT1,5626,5828
YAH1,499,701
NGG1,536,739
PRP3,217,420
PUT2,1421,1624
ZAP1,238,441
SPT16,1507,1711
STR2,761,965
SIC1,738,942
MOT2,669,874
MLP1,530,735
FEN2,806,1012
FES1,1624,1831
SNF7,819,1026
ATG20,433,641
ATG1,369,577
NVJ2,751,959
YTA7,761,970
ACO2,1873,2082
SCJ1,373,582
RGA1,535,744
IMG1,484,694
SBE22,500,710
KAE1,867,1077
RLM1,527,737
CCA1,525,736
RFS1,1442,1654
TRR1,1936,2148
DSN1,349,561
CPR8,614,826
SSO1,1157,1369
SPP41,343,556
CRM1,1202,1415
DMA1,619,833
WSC2,604,818
MNN9,1576,1790
UBP3,485,700
AMD1,865,1080
MRPL10,614,829
TAZ1,666,881
PTA1,647,863
MNN1,305,521
RPN1,1738,1954
PDX3,1454,1671
SAT4,982,1199
MAS2,609,826
POB3,972,1189
AEP1,627,844
BDP1,409,626
AFT2,306,523
RNQ1,1074,1292
SOK2,731,949
NA,2072,2291
COG8,352,571
YME2,867,1086
KEL3,323,542
SUI3,2290,2510
SKS1,968,1188
SES1,2647,2868
KSP1,842,1063
IRC8,501,723
MCD1,357,580
NBA1,539,762
RSC8,1310,1534
AIM21,549,773
ENT2,1224,1448
SOA1,253,478
IES1,454,681
RRT6,412,639
NA,936,1163
MPT5,424,652
NA,334,562
SAM4,740,968
GRX6,578,807
SIS2,522,751
GLC8,963,1192
NA,291,520
ECM32,475,705
FPS1,821,1051
NA,899,1130
MCO6,891,1122
RPN4,2256,2488
MIC26,1146,1378
AIM24,502,734
KTR2,393,625
YCK1,1117,1350
MRPL36,769,1003
TIM9,943,1177
GLO3,1202,1436
MRP4,658,892
MYO3,375,609
FLC2,3677,3912
RPN2,2664,2899
EPS1,780,1015
VRP1,472,707
MBF1,4017,4252
NST1,1096,1332
CLB2,515,751
BUD14,594,831
ZTA1,1051,1288
SSD1,2623,2860
SEG1,776,1013
LEO1,718,955
UBP1,719,957
HEM2,2145,2383
LYS14,1255,1494
GSM1,771,1010
TIM50,799,1038
HSL1,474,714
HSU1,436,676
MAM3,1803,2043
ISW2,453,693
AAT1,705,946
GTS1,805,1047
SUT2,339,581
RTC2,1808,2051
MRP8,3206,3449
VAN1,1073,1316
NA,5506,5750
PSK2,279,523
VPS4,1375,1619
JIP4,521,766
BUD4,380,625
SKG1,696,941
PAM1,868,1114
NPL3,1124,1370
HRK1,452,698
AIM44,421,667
LCB2,1862,2109
KRI1,767,1014
IES6,528,776
MCM3,709,957
SCT1,636,885
RPN6,1534,1783
IMH1,486,735
WWM1,619,869
TPM1,1983,2234
ARP5,595,846
STP1,791,1043
DAP2,1929,2181
AXL2,885,1137
IXR1,734,986
TIF3,2393,2645
HAC1,862,1115
RCN2,1017,1270
HMO1,2614,2868
RPT1,2367,2621
CDC60,1517,1771
YMC1,853,1107
TAH11,600,855
PUF4,654,910
TCB3,2094,2350
SMF2,1039,1296
DAK1,2202,2459
MIC12,790,1049
MHP1,690,949
PEX30,453,712
PLB1,1943,2202
SCD5,537,796
BAT1,3462,3723
VTC2,674,936
KEX1,549,811
SSQ1,369,631
ATR1,586,848
CWH41,712,975
NMA2,642,905
URE2,822,1085
NRT1,415,678
RTG3,402,666
TFA1,670,934
DLD2,923,1188
ADE8,812,1077
PBP4,662,928
PKP2,663,929
YSR3,311,577
NUP116,620,886
SOL2,797,1064
MRPL16,668,936
GPI16,1546,1814
KNS1,1667,1935
RGL1,681,949
PAF1,543,812
GIN4,432,701
NA,868,1137
PKP1,847,1116
THR4,3492,3762
BNA4,442,713
DUR12,749,1020
EAR1,797,1068
PET111,429,700
TOP1,474,746
WHI2,1047,1319
PRO2,1232,1504
DAS1,669,942
ICT1,558,831
BSC5,268,541
NA,1014,1287
NUP159,986,1260
RTK1,745,1020
SWI5,353,628
CLD1,656,931
SGM1,395,671
YCK2,1185,1462
RCF2,746,1023
ISU2,402,679
FDC1,491,770
NUP57,795,1074
COP1,1992,2273
OSW7,656,937
REG1,1012,1295
SYH1,949,1232
CBP4,808,1092
PSG1,1543,1827
BTN2,917,1203
XKS1,861,1147
DIG1,560,846
SAK1,594,883
MRS4,308,597
STR3,526,816
IMP2,532,822
ILT1,633,924
CTR2,2279,2571
RCH1,551,844
YEF3,14668,14962
YTA12,597,894
TEA1,335,633
SEC9,629,928
FCP1,441,740
MCA1,855,1155
TFG1,759,1060
MPS3,302,604
FRK1,523,825
ICY1,364,667
ADK2,326,631
ALK1,694,999
HST1,785,1091
HAA1,954,1260
DIB1,720,1026
TIF4631,840,1148
SKM1,484,792
RCK2,1508,1819
FUN12,1615,1927
OYE2,682,994
IMP21,429,741
FSH1,496,809
SAC1,1882,2195
SND1,1225,1539
PEX10,523,837
NA,1435,1750
ATX1,693,1009
RRD1,551,868
SPB4,382,700
RNR1,2690,3009
UBX2,788,1107
MDM36,581,901
MCM1,479,801
PAT1,963,1287
CDC12,903,1227
CBK1,689,1014
NA,2155,2480
CHS5,1478,1804
AFI1,383,710
APE1,1112,1441
NAP1,1291,1621
SPT5,549,879
MCR1,10113,10445
MET30,1146,1479
MRX3,799,1133
HIP1,1274,1609
HRR25,1110,1445
CIR1,843,1179
TRP3,1060,1396
DCP2,937,1276
PUB1,1243,1585
GID8,1415,1758
BNA1,1664,2008
PRY3,1975,2320
ZRT2,2129,2474
NA,751,1096
MLF3,1550,1895
RUP1,733,1078
SNF1,833,1180
GLC7,2460,2807
SIP2,688,1035
BUR6,936,1284
HRP1,1188,1536
CYC8,592,941
BDF1,1158,1507
AIP5,880,1230
PTP3,564,915
ROG3,347,699
ROT1,2114,2466
SIT4,1080,1434
GUS1,2163,2517
PAN1,745,1102
ARG8,509,867
OXA1,447,808
DMO1,878,1239
CCT6,1581,1943
ADE16,3168,3530
PDR16,708,1071
FOL2,1391,1755
AIM46,1344,1708
BUD7,548,913
ERG9,3193,3560
RTG2,990,1358
MDV1,662,1032
SEC31,1810,2183
MSB2,1284,1657
NA,428,803
SEG2,582,957
FPR3,1403,1778
SUE1,1135,1511
GRS1,4085,4464
CPS1,1098,1478
ERG13,3799,4179
ECL1,1577,1959
POP1,613,996
PHO4,268,653
MRM1,504,889
EHD3,638,1024
ARO2,1885,2271
RIM8,792,1178
ABP140,963,1350
GAT1,2010,2398
DAL5,819,1208
ALG1,1123,1513
SCP160,1127,1517
CAM1,4038,4428
KHA1,847,1238
RIM101,1250,1642
GRX4,928,1321
NET1,472,865
ATG39,1235,1628
MIA40,959,1353
PBP1,1452,1847
ABP1,911,1308
AFG3,1005,1403
MEF2,435,834
STE20,784,1184
PXP1,798,1201
FKS1,2746,3150
PEP1,1105,1510
EFM1,898,1303
INH1,2267,2679
STF1,2699,3111
PMR1,1134,1546
NA,2052,2464
PPN1,2085,2499
CDC3,850,1265
CLU1,1320,1736
SLA2,1237,1653
NA,2547,2966
LEU9,742,1162
CLN2,468,888
PDE1,1074,1497
BNA2,360,785
FMP23,340,766
LSB1,1041,1467
BDF2,1450,1877
HIS3,1206,1633
CTH1,639,1068
TOM70,1075,1504
CLN1,924,1355
SAP155,1114,1547
BIO4,1328,1762
QDR2,1083,1518
NA,506,941
MDL2,979,1414
MDM32,780,1217
DED81,3631,4069
GLR1,1422,1860
NA,363,805
PIB2,520,965
CUE5,933,1378
LIP5,671,1118
NA,1279,1727
LYS2,1356,1805
MPM1,957,1407
NA,1290,1740
YPS1,1509,1961
GDS1,1376,1830
SRV2,1153,1609
MYO2,1590,2046
ALD5,1225,1685
RSN1,613,1075
CLB1,550,1013
PPN2,454,920
NTH1,2143,2612
MCO10,1135,1607
SMF3,2024,2497
LPX1,329,802
COM2,408,883
GRE3,3666,4143
ILS1,2652,3131
FRE6,1164,1644
AAD10,813,1296
PUN1,2502,2987
FRE5,595,1080
GAL11,1413,1899
SLA1,1314,1801
ORA1,2832,3322
CSR2,1178,1669
SHE10,1118,1611
SMY2,714,1210
MCH4,1062,1559
DNM1,1003,1502
MTM1,603,1108
AQY2,122,630
PSA1,10144,10655
AFT1,425,937
SMI1,751,1269
RPL8A,3592,4111
ATG41,1138,1659
ERG29,413,936
APC2,484,1008
MNN4,1496,2022
HIS7,984,1511
MMR1,1484,2011
BFR1,1316,1843
NRE1,741,1271
CUP9,1891,2425
RPL41B,10967,11505
SIM1,1530,2069
TIM44,847,1386
KRE9,2681,3222
MET4,1040,1582
AIM33,422,965
RVS167,1280,1824
KRE2,3240,3784
DAL2,701,1246
SSA4,1216,1762
HSP10,5210,5759
NA,123,674
HCR1,1587,2138
SEO1,1676,2229
MET2,2156,2709
LEE1,3310,3865
ILV6,5258,5816
LYS1,1749,2307
MDM34,867,1426
PMT2,2373,2936
GRX7,1559,2122
EGO4,3383,3949
PHO8,873,1444
TOS7,742,1313
UBC8,991,1563
CUB1,1204,1776
PAB1,5895,6471
EHT1,1679,2262
PDH1,2896,3483
SDS23,1686,2274
UGA3,587,1180
SAM1,4752,5347
BRE4,986,1584
SUL2,1896,2499
LCB1,992,1596
YME1,1028,1639
FET5,1138,1751
SRL1,5471,6084
CTI6,754,1368
REG2,331,948
DPS1,3385,4002
PTK2,933,1556
MNC1,575,1199
MTD1,858,1483
DCW1,2089,2717
LSB3,1468,2097
NPT1,1507,2138
YPS3,1102,1746
BBC1,1051,1697
PAL1,969,1619
ILV3,4832,5483
YTP1,1390,2043
RPG1,1608,2267
CLN3,811,1472
ARO5,655,1327
ASN2,2293,2965
KRE6,2380,3053
PHD1,1193,1873
CPR3,2069,2751
MNN14,1315,2001
MIC19,966,1656
YDJ1,3915,4614
ADE6,2015,2724
PMT1,1455,2170
PCL1,649,1364
AHA1,3719,4436
NA,445,1163
AVT3,1558,2280
CIS3,4987,5713
TOS6,1560,2286
TRM13,249,980
RIB5,1418,2150
FCY2,4338,5071
QCR9,4003,4740
ISA1,950,1688
NA,2516,3259
PTM1,2125,2877
HSF1,1099,1863
NA,1670,2437
SYG1,1779,2553
ARO8,3759,4534
KGD4,1825,2602
PYC2,1936,2714
SNA3,3758,4539
OCH1,1032,1814
GPA2,1332,2117
TPN1,1174,1959
GTO3,383,1170
GGC1,2161,2949
TYW1,1204,1992
VTC5,621,1411
RPS9A,2036,2840
HIS5,2184,2992
GLY1,1943,2752
FRE2,158,974
GUT2,3023,3840
SNO1,590,1407
UBI4,6037,6860
PEX21,698,1526
SIP4,814,1643
ADR1,2089,2923
PMP2,1246,2095
STP4,678,1531
IZH3,1674,2528
ADE4,1129,1983
TOH1,852,1707
ALD6,8405,9262
VAS1,2870,3729
PAR32,1269,2132
DOT6,1559,2423
MRA1,4895,5760
NA,466,1337
MDM38,2064,2938
STT3,1479,2356
NCP1,1646,2526
CTR1,1049,1930
SER1,2483,3367
DLD1,1638,2530
CLG1,1179,2078
MDJ1,1080,1980
NA,1100,2009
GSR1,2457,3368
NA,816,1740
PCL5,1238,2171
ALA1,2339,3272
ADE3,2610,3545
TUF1,3840,4782
ODC2,1020,1968
SAM3,1523,2473
CAN1,2288,3240
CAT2,2586,3538
CHS1,1417,2378
ADE13,3541,4504
MET10,3724,4693
ARG3,1408,2380
EAF3,1308,2283
MIC60,882,1861
GCV2,1286,2274
SCW4,2616,3605
TPO3,983,1985
ADE57,3787,4793
CPA1,16633,17642
CRC1,1459,2493
ADE12,2270,3305
ARO4,4892,5932
OM14,7703,8751
JEN1,17681,18735
MIC10,2984,4042
ADE1,1769,2832
BIO3,2679,3749
ERG4,3549,4621
FRE1,849,1933
RIP1,7488,8578
ATP14,4287,5387
SVS1,820,1922
UPS2,881,1987
LYS21,3561,4670
NCW1,16990,18102
DUR3,332,1456
YMD8,854,1999
ARO3,1778,2950
TOS1,8809,9983
GIC2,481,1659
FRA1,1568,2755
LYP1,1740,2941
COX9,3522,4729
PLB3,933,2149
SIS1,3203,4421
RKI1,1039,2257
TIM11,2441,3666
BIO2,3386,4629
TPO2,157,1411
GCV3,2344,3609
RHO5,3630,4895
ATP19,2370,3638
ADH3,4889,6169
ROX1,1084,2395
MAE1,784,2133
FLC1,1401,2752
LYS20,4399,5765
STI1,4217,5591
ADE2,1570,2946
ARO1,2359,3737
ZRT1,460,1842
PIC2,1028,2430
KRS1,3101,4509
GCV1,1290,2705
ERG25,11779,13206
NCW2,1410,2846
LSC2,3889,5336
FRE3,314,1783
COX8,5009,6485
CCC2,718,2208
HSP42,3218,4716
HBN1,641,2161
MIX17,2466,4033
IDP1,1552,3132
QCR10,5426,7013
AKR1,1782,3372
SDH3,10242,11842
ATP20,2250,3850
DLD3,4554,6169
ARG7,1617,3243
COX12,4583,6216
ATP17,4812,6448
ADK1,5152,6838
COX7,3812,5511
RIE1,1274,2992
PCS60,2922,4652
ASN1,2014,3750
ISU1,9573,11311
FTH1,1480,3239
RPM2,2767,4551
YHM2,3435,5268
YNK1,3421,5272
PBI2,6228,8083
ENB1,830,2755
ATP16,5103,7055
PRX1,5144,7099
ODC1,2261,4218
HSP60,5783,7767
KAR2,4408,6429
QCR8,3883,5946
VMR1,1152,3235
SSA2,5210,7316
COX13,5043,7151
GSC2,3852,6011
ATP18,4276,6469
HOM2,5275,7502
QCR7,6210,8444
MEP2,16203,18437
PST1,14563,16876
PYC1,9405,11740
HXK2,4864,7261
ATP5,6614,9026
NDI1,4100,6517
SSE1,5246,7742
HAP4,1688,4235
COX4,7754,10310
COX6,4954,7517
AAT2,4961,7528
ATP15,9886,12483
NA,6567,9359
RGI1,3287,6082
PRM4,920,3762
INO1,2628,5474
TMT1,912,3769
HMX1,1363,4261
HSP82,4934,7869
HSP78,2722,5687
ECM33,9469,12483
HSP104,6935,10004
HOM3,5903,8974
TIS11,529,3606
CYC1,4222,7301
QCR6,3821,6985
LPD1,5215,8401
ATP7,5574,8804
PRY2,2296,5594
SSC1,7217,10596
NA,2663,6064
COT1,2168,5599
NCA3,8323,11787
GAS1,10511,14020
QCR2,6496,10087
ILV2,4535,8131
ARG4,4694,8354
PRY1,4991,8756
DDR48,3301,7156
CRH1,4880,8744
SOD2,7840,11711
NDE1,9463,13366
KGD2,5367,9309
SDH2,12322,16380
COX5A,7061,11242
CYT1,4937,9168
SOD1,15124,19377
YAT1,4435,8698
OM45,5055,9378
ARG56,2627,6951
HIS4,3454,7842
ATP3,5887,10323
COR1,7768,12248
NCE103,34205,38773
ADE17,3578,8170
YGP1,21728,26397
CPA2,6127,10817
SIT1,1547,6255
SHM2,7396,12109
YAT2,6947,11703
ECM13,1074,5871
SCW10,4264,9164
AGX1,4648,9599
ATP4,6649,11722
ERG3,10904,15987
KGD1,3465,8665
PDC1,45066,50287
SDH4,8068,13732
PRB1,3798,9619
STL1,1797,7709
SDH1,8566,14520
YHB1,3268,9255
ARG1,2010,8130
SNZ1,2601,8830
IDH2,4723,10966
YRO2,12153,18453
IDH1,3713,10067
SSA1,14540,21044
MIR1,12769,19279
ZEO1,10910,17745
ACS2,6492,13510
FBP1,1027,8254
IDP2,6591,14157
PET9,10195,18173
UTH1,7355,15624
HSP30,1558,9850
SFC1,2337,10751
MDH1,7778,16261
ATP2,24930,33874
VHT1,6465,15702
SPO24,13855,23470
FUM1,6226,16045
MRH1,8936,19048
FTR1,4379,14830
FIT2,4246,14842
ATP1,14666,25444
ARN2,1206,12242
DPA10,939,11996
ACO1,11953,23683
CIT1,13667,26752
ACH1,6620,20285
FET3,7275,21451
HXT5,17548,31754
ARN1,4101,19501
PMA1,25060,40480
MDH2,6521,24230
CIT2,17060,35172
MLS1,1644,20376
PCK1,686,26824
FIT3,11269,40786
ICL1,5775,65255
